Alloy,Processing condition,Testing condition,Property,Value,Unit,DOI,DOI Number,
AlCoCrFeNi,-,273,Yield Strength(Compression),1384,MPa,10.1016.j.jallcom.2017.09.089,[2],
AlCoCrFeNi,-,273,Ultimate Tensile Strength(Compression),1912,MPa,10.1016.j.jallcom.2017.09.089,[2],
AlCoCrFeNi,-,273,Ductility,16.7,%  ,10.1016.j.jallcom.2017.09.089,[2],
AlCoCrFeNi,-,773,Yield Strength(Compression),1263,MPa,10.1016.j.jallcom.2017.09.089,[2],
AlCoCrFeNi,-,773,Ultimate Tensile Strength(Compression),1702,MPa,10.1016.j.jallcom.2017.09.089,[2],
AlCoCrFeNi,-,773,Ductility,19.9,%  ,10.1016.j.jallcom.2017.09.089,[2],
AlCoCrFeNi,-,873,Yield Strength(Compression),1075,MPa,10.1016.j.jallcom.2017.09.089,[2],
AlCoCrFeNi,-,873,Ultimate Tensile Strength(Compression),1317,MPa,10.1016.j.jallcom.2017.09.089,[2],
AlCoCrFeNi,-,873,Ductility,29.3,%  ,10.1016.j.jallcom.2017.09.089,[2],
AlCoCrFeNi,-,973,Yield Strength(Compression),450,MPa,10.1016.j.jallcom.2017.09.089,[2],
AlCoCrFeNi,-,973,Ultimate Tensile Strength(Compression),622,MPa,10.1016.j.jallcom.2017.09.089,[2],
AlCoCrFeNi,-,973,Ductility,>50,%  ,10.1016.j.jallcom.2017.09.089,[2],
AlCoCrFeNi,-,1073,Yield Strength(Compression),417,MPa,10.1016.j.jallcom.2017.09.089,[2],
AlCoCrFeNi,-,1073,Ultimate Tensile Strength(Compression),480,MPa,10.1016.j.jallcom.2017.09.089,[2],
AlCoCrFeNi,-,1073,Ductility,>50,%  ,10.1016.j.jallcom.2017.09.089,[2],
AlCoCrFeNi,-,1173,Yield Strength(Compression),201,MPa,10.1016.j.jallcom.2017.09.089,[2],
AlCoCrFeNi,-,1173,Ultimate Tensile Strength(Compression),302,MPa,10.1016.j.jallcom.2017.09.089,[2],
AlCoCrFeNi,-,1173,Ductility,>50,%,10.1016.j.jallcom.2017.09.089,[2],
Al0.3,-,-,Nano-hardness,3.4 (+-0.2),GPa,10.1016.j.jallcom.2017.08.067,[3],
Al0.6,-,-,Nano-hardness,3.5 (+-0.2),GPa,10.1016.j.jallcom.2017.08.067,[3],
Al0.6,-,-,Nano-hardness,5.4 (+-0.3),GPa,10.1016.j.jallcom.2017.08.067,[3],
Al0.6,-,-,Nano-hardness,9.1 (+-0.5),GPa,10.1016.j.jallcom.2017.08.067,[3],
Al0.85,-,-,Nano-hardness,5.5 (+-0.3),GPa,10.1016.j.jallcom.2017.08.067,[3],check
Al0.85,-,-,Nano-hardness,9.1 (+-0.5),GPa,10.1016.j.jallcom.2017.08.067,[3],
FCC-Al0.3,-,-,Yield Strength(Tension),194,MPa,10.1016.j.jallcom.2017.08.067,[3],
BCC- Al0.85,-,-,Yield Strength(Tension),1400,MPa,10.1016.j.jallcom.2017.08.067,[3],
HfZrTiTa0.53,-,-,Shear Modulus,44,GPa,10.1016.j.matdes.2017.08.022,[6],check
HfZrTiTa0.53,-,-,Shear Modulus,33,GPa,10.1016.j.matdes.2017.08.022,[6],
HfZrTiTa0.53,-,-,Shear Modulus,30,GPa,10.1016.j.matdes.2017.08.022,[6],
HfZrTiTa0.53,-,-,Shear Modulus,69,GPa,10.1016.j.matdes.2017.08.022,[6],
HfZrTiTa0.53,-,-,Melting point,1941,K,10.1016.j.matdes.2017.08.022,[6],
HfZrTiTa0.53,-,-,Melting point,2128,K,10.1016.j.matdes.2017.08.022,[6],
HfZrTiTa0.53,-,-,Melting point,2506,K,10.1016.j.matdes.2017.08.022,[6],
HfZrTiTa0.53,-,-,Melting point,3290,K,10.1016.j.matdes.2017.08.022,[6],
Al/PTFE,-,-,Compressive Strength,30,MPa,10.1016.j.matdes.2017.08.022,[6],
Al/Fe2O3,-,-,Compressive Strength,<100,MPa,10.1016.j.matdes.2017.08.022,[6],
Al/Ni,-,-,Compressive Strength,225,MPa,10.1016.j.matdes.2017.08.022,[6],
Al/Ta,-,-,Compressive Strength,450,MPa,10.1016.j.matdes.2017.08.022,[6],
W/Zr,-,-,Compressive Strength,1860,MPa,10.1016.j.matdes.2017.08.022,[6],
Hf/Al composite,-,-,Compressive Strength,522,MPa,10.1016.j.matdes.2017.08.022,[6],
Al/PTFE,-,-,Ductility,>70,%EL,10.1016.j.matdes.2017.08.022,[6],
Al/Ni,-,-,Ductility,5,%EL,10.1016.j.matdes.2017.08.022,[6],
Al/Ta,-,-,Ductility,3,%EL,10.1016.j.matdes.2017.08.022,[6],
W/Zr,-,-,Ductility,1,%EL,10.1016.j.matdes.2017.08.022,[6],
Hf/Al composite,-,-,Ductility,1.2-1.5,%EL,10.1016.j.matdes.2017.08.022,[6],
-,0.001,-,Yield Strength(Compression),774±12,MPa,10.1016.j.matdes.2017.08.022,[6],
-,0.001,-,Ultimate Tensile Strength(Compression),1300±14,MPa,10.1016.j.matdes.2017.08.022,[6],
-,0.001,-,Ductility,13.5±0.5,%EL,10.1016.j.matdes.2017.08.022,[6],
-,0.001,-,Compressive Modulus,91±4,GPa,10.1016.j.matdes.2017.08.022,[6],
-,950,-,Yield Strength(Compression),1360±30,MPa,10.1016.j.matdes.2017.08.022,[6],
-,950,-,Ultimate Tensile Strength(Compression),1590±10,MPa,10.1016.j.matdes.2017.08.022,[6],
-,950,-,Ductility,10.4±0.3,%EL,10.1016.j.matdes.2017.08.022,[6],
-,950,-,Compressive Modulus,94±5,GPa,10.1016.j.matdes.2017.08.022,[6],
-,1270,-,Yield Strength(Compression),1469±11,MPa,10.1016.j.matdes.2017.08.022,[6],
-,1270,-,Ultimate Tensile Strength(Compression),1600±14,MPa,10.1016.j.matdes.2017.08.022,[6],
-,1270,-,Ductility,8.9±0.3,%EL,10.1016.j.matdes.2017.08.022,[6],
-,1270,-,Compressive Modulus,108±2,GPa,10.1016.j.matdes.2017.08.022,[6],
-,1500,-,Yield Strength(Compression),1390±22,MPa,10.1016.j.matdes.2017.08.022,[6],
-,1500,-,Ultimate Tensile Strength(Compression),1580±13,MPa,10.1016.j.matdes.2017.08.022,[6],
-,1500,-,Ductility,13.2±0.3,%EL,10.1016.j.matdes.2017.08.022,[6],
-,1500,-,Compressive Modulus,96±4,GPa,10.1016.j.matdes.2017.08.022,[6],
-,2200,-,Yield Strength(Compression),1388±10,MPa,10.1016.j.matdes.2017.08.022,[6],
-,2200,-,Ultimate Tensile Strength(Compression),1570±11,MPa,10.1016.j.matdes.2017.08.022,[6],
-,2200,-,Ductility,12.1±0.4,%EL,10.1016.j.matdes.2017.08.022,[6],
-,2200,-,Compressive Modulus,104±4,GPa,10.1016.j.matdes.2017.08.022,[6],
FCC solid solution,-,-,Hardness,3.18+-0.28,GPa,10.1016.j.matdes.2017.08.030,[8],check
FCC solid solution,-,-,Elastic modulus,121.36+-3.09,GPa,10.1016.j.matdes.2017.08.030,[8],
Eutectic structures,-,-,Hardness,7.30+-0.22,GPa,10.1016.j.matdes.2017.08.030,[8],
Eutectic structures,-,-,Elastic modulus,194.67+-1.36,GPa,10.1016.j.matdes.2017.08.030,[8],
AlNbTiV,-,-,Density,5590,kg/m3,10.1016.j.msea.2017.08.019,[11],
AlNbTiVZr0.1,-,-,Density,5530,kg/m3,10.1016.j.msea.2017.08.019,[11],
AlNbTiVZr0.25,-,-,Density,5570,kg/m3,10.1016.j.msea.2017.08.019,[11],
AlNbTiVZr0.5,-,-,Density,5640,kg/m3,10.1016.j.msea.2017.08.019,[11],
AlNbTiVZr,-,-,Density,5790,kg/m3,10.1016.j.msea.2017.08.019,[11],
AlNbTiVZr1.5,-,-,Density,5870,kg/m3,10.1016.j.msea.2017.08.019,[11],
AlNbTiV,-,22,Yield Strength(Compression),1000,MPa,10.1016.j.msea.2017.08.019,[11],
AlNbTiV,-,22,Ultimate Tensile Strength(Compression),1280,MPa,10.1016.j.msea.2017.08.019,[11],
AlNbTiV,-,22,Ductility,6,%,10.1016.j.msea.2017.08.019,[11],
AlNbTiV,-,600,Yield Strength(Compression),780,MPa,10.1016.j.msea.2017.08.019,[11],
AlNbTiV,-,600,Ultimate Tensile Strength(Compression),1005,MPa,10.1016.j.msea.2017.08.019,[11],
AlNbTiV,-,600,Ductility,14.3,%,10.1016.j.msea.2017.08.019,[11],
AlNbTiV,-,800,Yield Strength(Compression),560,MPa,10.1016.j.msea.2017.08.019,[11],
AlNbTiV,-,800,Ultimate Tensile Strength(Compression),700,MPa,10.1016.j.msea.2017.08.019,[11],
AlNbTiV,-,800,Ductility,> 50,%,10.1016.j.msea.2017.08.019,[11],
AlNbTiVZr0.1,-,22,Yield Strength(Compression),1290,MPa,10.1016.j.msea.2017.08.019,[11],
AlNbTiVZr0.1,-,22,Ultimate Tensile Strength(Compression),1395,MPa,10.1016.j.msea.2017.08.019,[11],
AlNbTiVZr0.1,-,22,Ductility,3.7,%,10.1016.j.msea.2017.08.019,[11],
AlNbTiVZr0.1,-,600,Yield Strength(Compression),975,MPa,10.1016.j.msea.2017.08.019,[11],
AlNbTiVZr0.1,-,600,Ultimate Tensile Strength(Compression),1085,MPa,10.1016.j.msea.2017.08.019,[11],
AlNbTiVZr0.1,-,600,Ductility,5.1,%,10.1016.j.msea.2017.08.019,[11],
AlNbTiVZr0.1,-,800,Yield Strength(Compression),865,MPa,10.1016.j.msea.2017.08.019,[11],
AlNbTiVZr0.1,-,800,Ultimate Tensile Strength(Compression),920,MPa,10.1016.j.msea.2017.08.019,[11],
AlNbTiVZr0.1,-,800,Ductility,> 50,%,10.1016.j.msea.2017.08.019,[11],
AlNbTiVZr0.25,-,22,Yield Strength(Compression),1360,MPa,10.1016.j.msea.2017.08.019,[11],
AlNbTiVZr0.25,-,22,Ultimate Tensile Strength(Compression),1480,MPa,10.1016.j.msea.2017.08.019,[11],
AlNbTiVZr0.25,-,22,Ductility,9.3,%,10.1016.j.msea.2017.08.019,[11],
AlNbTiVZr0.25,-,600,Yield Strength(Compression),1065,MPa,10.1016.j.msea.2017.08.019,[11],
AlNbTiVZr0.25,-,600,Ultimate Tensile Strength(Compression),1260,MPa,10.1016.j.msea.2017.08.019,[11],
AlNbTiVZr0.25,-,600,Ductility,6.5,%,10.1016.j.msea.2017.08.019,[11],
AlNbTiVZr0.25,-,800,Yield Strength(Compression),855,MPa,10.1016.j.msea.2017.08.019,[11],
AlNbTiVZr0.25,-,800,Ultimate Tensile Strength(Compression),865,MPa,10.1016.j.msea.2017.08.019,[11],
AlNbTiVZr0.25,-,800,Ductility,> 50,%,10.1016.j.msea.2017.08.019,[11],
AlNbTiVZr0.5,-,22,Yield Strength(Compression),1485,MPa,10.1016.j.msea.2017.08.019,[11],
AlNbTiVZr0.5,-,600,Yield Strength(Compression),1135,MPa,10.1016.j.msea.2017.08.019,[11],
AlNbTiVZr0.5,-,600,Ultimate Tensile Strength(Compression),1425,MPa,10.1016.j.msea.2017.08.019,[11],
AlNbTiVZr0.5,-,600,Ductility,7.5,%,10.1016.j.msea.2017.08.019,[11],
AlNbTiVZr0.5,-,800,Yield Strength(Compression),675,MPa,10.1016.j.msea.2017.08.019,[11],
AlNbTiVZr0.5,-,800,Ultimate Tensile Strength(Compression),740,MPa,10.1016.j.msea.2017.08.019,[11],
AlNbTiVZr0.5,-,800,Ductility,> 50,%,10.1016.j.msea.2017.08.019,[11],
AlNbTiVZr,-,22,Yield Strength(Compression),1500,MPa,10.1016.j.msea.2017.08.019,[11],
AlNbTiVZr,-,22,Ultimate Tensile Strength(Compression),1675,MPa,10.1016.j.msea.2017.08.019,[11],
AlNbTiVZr,-,22,Ductility,3,%,10.1016.j.msea.2017.08.019,[11],
AlNbTiVZr,-,600,Yield Strength(Compression),1155,MPa,10.1016.j.msea.2017.08.019,[11],
AlNbTiVZr,-,600,Ultimate Tensile Strength(Compression),1385,MPa,10.1016.j.msea.2017.08.019,[11],
AlNbTiVZr,-,600,Ductility,1,%,10.1016.j.msea.2017.08.019,[11],
AlNbTiVZr,-,800,Yield Strength(Compression),550,MPa,10.1016.j.msea.2017.08.019,[11],
AlNbTiVZr,-,800,Ultimate Tensile Strength(Compression),600,MPa,10.1016.j.msea.2017.08.019,[11],
AlNbTiVZr,-,800,Ductility,> 50,%,10.1016.j.msea.2017.08.019,[11],
AlNbTiVZr1.5,-,22,Yield Strength(Compression),1535,MPa,10.1016.j.msea.2017.08.019,[11],
AlNbTiVZr1.5,-,22,Ultimate Tensile Strength(Compression),1550,MPa,10.1016.j.msea.2017.08.019,[11],
AlNbTiVZr1.5,-,22,Ductility,0.4,%,10.1016.j.msea.2017.08.019,[11],
AlNbTiVZr1.5,-,600,Yield Strength(Compression),1195,MPa,10.1016.j.msea.2017.08.019,[11],
AlNbTiVZr1.5,-,600,Ultimate Tensile Strength(Compression),1195,MPa,10.1016.j.msea.2017.08.019,[11],
AlNbTiVZr1.5,-,600,Ductility,0,%,10.1016.j.msea.2017.08.019,[11],
AlNbTiVZr1.5,-,800,Yield Strength(Compression),180,MPa,10.1016.j.msea.2017.08.019,[11],
AlNbTiVZr1.5,-,800,Ultimate Tensile Strength(Compression),395,MPa,10.1016.j.msea.2017.08.019,[11],
AlNbTiVZr1.5,-,800,Ductility,> 50,%,10.1016.j.msea.2017.08.019,[11],
Cr15Fe20Co35Ni20Mo10,800degC/1h/AC,-,Yield Strength(Tension),1311,MPa,10.1016.j.scriptamat.2017.05.019,[14],
Cr15Fe20Co35Ni20Mo10,800degC/1h/AC,-,Ultimate Tensile Strength(Tension),1410,MPa,10.1016.j.scriptamat.2017.05.019,[14],
Cr15Fe20Co35Ni20Mo10,850degC/5min/WQ,-,Yield Strength(Tension),1212,MPa,10.1016.j.scriptamat.2017.05.019,[14],
Cr15Fe20Co35Ni20Mo10,850degC/5min/WQ,-,Ultimate Tensile Strength(Tension),1360,MPa,10.1016.j.scriptamat.2017.05.019,[14],
Cr15Fe20Co35Ni20Mo10,900degC/5min/WQ,-,Yield Strength(Tension),1028,MPa,10.1016.j.scriptamat.2017.05.019,[14],
Cr15Fe20Co35Ni20Mo10,900degC/5min/WQ,-,Ultimate Tensile Strength(Tension),1249,MPa,10.1016.j.scriptamat.2017.05.019,[14],
Cr15Fe20Co35Ni20Mo10,1000degC/5min/WQ,-,Yield Strength(Tension),879,MPa,10.1016.j.scriptamat.2017.05.019,[14],
Cr15Fe20Co35Ni20Mo10,1000degC/5min/WQ,-,Ultimate Tensile Strength(Tension),1194,MPa,10.1016.j.scriptamat.2017.05.019,[14],
Cr15Fe20Co35Ni20Mo10,1000degC/1h/AC,-,Yield Strength(Tension),799,MPa,10.1016.j.scriptamat.2017.05.019,[14],
Cr15Fe20Co35Ni20Mo10,1000degC/1h/AC,-,Ultimate Tensile Strength(Tension),1127,MPa,10.1016.j.scriptamat.2017.05.019,[14],
Cr15Fe20Co35Ni20Mo10,1150degC/1h/AC,-,Yield Strength(Tension),350,MPa,10.1016.j.scriptamat.2017.05.019,[14],
Cr15Fe20Co35Ni20Mo10,1150degC/1h/AC,-,Ultimate Tensile Strength(Tension),918,MPa,10.1016.j.scriptamat.2017.05.019,[14],
Cr15Fe20Co35Ni20Mo10,800degC/1h/AC,-,Ductility,12.1,%EL,10.1016.j.scriptamat.2017.05.019,[14],
Cr15Fe20Co35Ni20Mo10,850degC/5min/WQ,-,Ductility,14.9,%EL,10.1016.j.scriptamat.2017.05.019,[14],
Cr15Fe20Co35Ni20Mo10,900degC/5min/WQ,-,Ductility,18.3,%EL,10.1016.j.scriptamat.2017.05.019,[14],
Cr15Fe20Co35Ni20Mo10,1000degC/5min/WQ,-,Ductility,25.4,%EL,10.1016.j.scriptamat.2017.05.019,[14],
Cr15Fe20Co35Ni20Mo10,1000degC/1h/AC,-,Ductility,28.2,%EL,10.1016.j.scriptamat.2017.05.019,[14],
Cr15Fe20Co35Ni20Mo10,1150degC/1h/AC,-,Ductility,62.4,%EL,10.1016.j.scriptamat.2017.05.019,[14],
Fe36Mn21Cr18Ni15Al10,-,25,Yield Strength(Compression),990,MPa,10.1016.j.jallcom.2017.02.211,[16],
Fe36Mn21Cr18Ni15Al10,-,25,Ultimate Tensile Strength(Tension),880,MPa,10.1016.j.jallcom.2017.02.211,[16],
Fe36Mn21Cr18Ni15Al10,-,25,Ductility,2.5,%EL,10.1016.j.jallcom.2017.02.211,[16],
Fe36Mn21Cr18Ni15Al10,-,400,Yield Strength(Compression),940,MPa,10.1016.j.jallcom.2017.02.211,[16],
Fe36Mn21Cr18Ni15Al10,-,400,Ultimate Tensile Strength(Tension),900,MPa,10.1016.j.jallcom.2017.02.211,[16],
Fe36Mn21Cr18Ni15Al10,-,400,Ductility,20,%EL,10.1016.j.jallcom.2017.02.211,[16],
Fe36Mn21Cr18Ni15Al10,-,500,Yield Strength(Compression),640,MPa,10.1016.j.jallcom.2017.02.211,[16],
Fe36Mn21Cr18Ni15Al10,-,500,Ultimate Tensile Strength(Tension),715,MPa,10.1016.j.jallcom.2017.02.211,[16],
Fe36Mn21Cr18Ni15Al10,-,500,Ductility,42,%EL,10.1016.j.jallcom.2017.02.211,[16],
Fe36Mn21Cr18Ni15Al10,-,600,Yield Strength(Compression),360,MPa,10.1016.j.jallcom.2017.02.211,[16],
Fe36Mn21Cr18Ni15Al10,-,600,Ultimate Tensile Strength(Tension),405,MPa,10.1016.j.jallcom.2017.02.211,[16],
Fe36Mn21Cr18Ni15Al10,-,600,Ductility,55,%EL,10.1016.j.jallcom.2017.02.211,[16],
Fe36Mn21Cr18Ni15Al10,-,800,Yield Strength(Compression),125,MPa,10.1016.j.jallcom.2017.02.211,[16],
Fe36Mn21Cr18Ni15Al10,-,800,Ductility,>50,%EL,10.1016.j.jallcom.2017.02.211,[16],
Fe36Mn21Cr18Ni15Al10,As-cast,-,Microhardness,420 ± 10,HV,10.1016.j.jallcom.2017.02.211,[16],
Fe36Mn21Cr18Ni15Al10,Annealing 1200 degC 24 h,-,Microhardness,450 ± 10,HV,10.1016.j.jallcom.2017.02.211,[16],
Fe36Mn21Cr18Ni15Al10,Annealing 1000 degC 24 h,-,Microhardness,310 ± 10,HV,10.1016.j.jallcom.2017.02.211,[16],
Al0.3CoCrFeNi,CRSA (1150degC/60min),-,Yield Strength(Tension),159±22,MPa,10.1016.j.matdes.2017.02.072,[17],
Al0.3CoCrFeNi,CRSA (1150degC/60min),-,Ultimate Tensile Strength(Tension),410±42,MPa,10.1016.j.matdes.2017.02.072,[17],
Al0.3CoCrFeNi,CRSA (1150degC/5min),-,Yield Strength(Tension),220±20,MPa,10.1016.j.matdes.2017.02.072,[17],
Al0.3CoCrFeNi,CRSA (1150degC/5min),-,Ultimate Tensile Strength(Tension),550±35,MPa,10.1016.j.matdes.2017.02.072,[17],
Al0.3CoCrFeNi,CRSA(1150degC/60min)+700degC/50h,-,Yield Strength(Tension),215±16,MPa,10.1016.j.matdes.2017.02.072,[17],
Al0.3CoCrFeNi,CRSA(1150degC/60min)+700degC/50h,-,Ultimate Tensile Strength(Tension),520±21,MPa,10.1016.j.matdes.2017.02.072,[17],
Al0.3CoCrFeNi,CRSA(1150degC/60min)+550degC/150h,-,Yield Strength(Tension),285±14,MPa,10.1016.j.matdes.2017.02.072,[17],
Al0.3CoCrFeNi,CRSA(1150degC/60min)+550degC/150h,-,Ultimate Tensile Strength(Tension),540±43,MPa,10.1016.j.matdes.2017.02.072,[17],
Al0.3CoCrFeNi,CRSA (1150degC/2min),-,Yield Strength(Tension),263±32,MPa,10.1016.j.matdes.2017.02.072,[17],
Al0.3CoCrFeNi,CRSA (1150degC/2min),-,Ultimate Tensile Strength(Tension),589±51,MPa,10.1016.j.matdes.2017.02.072,[17],
Al0.3CoCrFeNi,CRSA(1150degC/2min)+620degC/50h,-,Yield Strength(Tension),490±22,MPa,10.1016.j.matdes.2017.02.072,[17],
Al0.3CoCrFeNi,CRSA(1150degC/2min)+620degC/50h,-,Ultimate Tensile Strength(Tension),840±24,MPa,10.1016.j.matdes.2017.02.072,[17],
-, -,-,Yield Strength(Tension),1308,MPa,10.1016.j.matdes.2017.01.036,[20],
-, -,-,Ultimate Tensile Strength(Tension),1384,MPa,10.1016.j.matdes.2017.01.036,[20],
-, -,-,Young's modulus,209,GPa,10.1016.j.matdes.2017.01.036,[20],
-, -,-,Ductility,4.01,%EL,10.1016.j.matdes.2017.01.036,[20],
-, -,-,Others(Strain hardening coefficient),0.11,-,10.1016.j.matdes.2017.01.036,[20],
Ti,-,-,Yield Strength(Tension),195,MPa,10.1016.j.msec.2016.12.057,[21],
Zr,-,-,Yield Strength(Tension),280,MPa,10.1016.j.msec.2016.12.057,[21],
Nb,-,-,Yield Strength(Tension),240,MPa,10.1016.j.msec.2016.12.057,[21],
Ta,-,-,Yield Strength(Tension),170,MPa,10.1016.j.msec.2016.12.057,[21],
Mo,-,-,Yield Strength(Tension),420,MPa,10.1016.j.msec.2016.12.057,[21],
HEA,-,-,Yield Strength(Tension),261,MPa,10.1016.j.msec.2016.12.057,[21],
HEA,-,-,Ultimate Tensile Strength(Tension),1390,MPa,10.1016.j.msec.2016.12.057,[21],
Ti,-,-,Young's modulus,116,GPa,10.1016.j.msec.2016.12.057,[21],
Zr,-,-,Young's modulus,88,GPa,10.1016.j.msec.2016.12.057,[21],
Nb,-,-,Young's modulus,105,GPa,10.1016.j.msec.2016.12.057,[21],
Ta,-,-,Young's modulus,186,GPa,10.1016.j.msec.2016.12.057,[21],
Mo,-,-,Young's modulus,329,GPa,10.1016.j.msec.2016.12.057,[21],
Ti,-,-,Shear modulus,44,GPa,10.1016.j.msec.2016.12.057,[21],
Zr,-,-,Shear modulus,33,GPa,10.1016.j.msec.2016.12.057,[21],
Nb,-,-,Shear modulus,38,GPa,10.1016.j.msec.2016.12.057,[21],
Ta,-,-,Shear modulus,69,GPa,10.1016.j.msec.2016.12.057,[21],
Mo,-,-,Shear modulus,126,GPa,10.1016.j.msec.2016.12.057,[21],
Ti,-,-,Melting temperature,1941,K,10.1016.j.msec.2016.12.057,[21],
Zr,-,-,Melting temperature,2128,K,10.1016.j.msec.2016.12.057,[21],
Nb,-,-,Melting temperature,2750,K,10.1016.j.msec.2016.12.057,[21],
Ta,-,-,Melting temperature,3290,K,10.1016.j.msec.2016.12.057,[21],
Mo,-,-,Melting temperature,2893,K,10.1016.j.msec.2016.12.057,[21],
HEA,-,-,Melting temperature,2600,K,10.1016.j.msec.2016.12.057,[21],
Ti,-,-,Vickers microhardness,0.97,GPa,10.1016.j.msec.2016.12.057,[21],
Zr,-,-,Vickers microhardness,0.903,GPa,10.1016.j.msec.2016.12.057,[21],
Nb,-,-,Vickers microhardness,1.32,GPa,10.1016.j.msec.2016.12.057,[21],
Ta,-,-,Vickers microhardness,0.873,GPa,10.1016.j.msec.2016.12.057,[21],
Mo,-,-,Vickers microhardness,1.53,GPa,10.1016.j.msec.2016.12.057,[21],
HEA,-,-,Vickers microhardness,1.12,GPa,10.1016.j.msec.2016.12.057,[21],
HEA,-,-,Others(melting temperature),2600,K,10.1016.j.msec.2016.12.057,[21],
TiZrNbTaMo HEA,-,-,Young's modulus,184,GPa,10.1016.j.msec.2016.12.057,[21],
TiZrNbTaMo HEA,-,-,Young's modulus,136,GPa,10.1016.j.msec.2016.12.057,[21],
TiZrNbTaMo HEA,-,-,Microhardness,1.14,GPa,10.1016.j.msec.2016.12.057,[21],
TiZrNbTaMo HEA,-,-,Microhardness,1.05,GPa,10.1016.j.msec.2016.12.057,[21],
TiZrNbTaMo HEA,-,-,Poisson's ratio,0.33,-,10.1016.j.msec.2016.12.057,[21],
MoNbTaTiV,-,-,Density,9.27/9.29,g/cm³,10.1016.j.jallcom.2016.11.188,[23],
MoNbTaTiV,-,-,Melting point,2341,- ,10.1016.j.jallcom.2016.11.188,[23],
MoNbTaTiV,-,-,Hardness,109/443,Hv,10.1016.j.jallcom.2016.11.188,[23],
MoNbTaTiV,-,-,Yield Strength(Tension),303/1400,MPa,10.1016.j.jallcom.2016.11.188,[23],
MoNbTaTiV,-,-,Shear Modulus,65.6,GPa,10.1016.j.jallcom.2016.11.188,[23],
MoNbTaTiV,As-cast,-,Hardness,443,Hv,10.1016.j.jallcom.2016.11.188,[23],
MoNbTaTiV,As-cast,-,Yield Strength(Tension),1400,MPa,10.1016.j.jallcom.2016.11.188,[23],
MoNbTaV,As-cast,-,Hardness,504,Hv,10.1016.j.jallcom.2016.11.188,[23],
MoNbTaV,As-cast,-,Yield Strength(Tension),1525,MPa,10.1016.j.jallcom.2016.11.188,[23],
NbTaTiV,As-cast,-,Hardness,298,Hv,10.1016.j.jallcom.2016.11.188,[23],
NbTaTiV,As-cast,-,Yield Strength(Tension),965,MPa,10.1016.j.jallcom.2016.11.188,[23],
NbTaVW,As-cast,-,Hardness,493,Hv,10.1016.j.jallcom.2016.11.188,[23],
NbTaVW,As-cast,-,Yield Strength(Tension),1530,MPa,10.1016.j.jallcom.2016.11.188,[23],
NbTaTiVW,As-cast,-,Hardness,447,Hv,10.1016.j.jallcom.2016.11.188,[23],
NbTaTiVW,As-cast,-,Yield Strength(Tension),1420,MPa,10.1016.j.jallcom.2016.11.188,[23],
MoNbTaW,As-cast,-,Hardness,454,Hv,10.1016.j.jallcom.2016.11.188,[23],
MoNbTaW,As-cast,-,Yield Strength(Tension),1058,MPa,10.1016.j.jallcom.2016.11.188,[23],
MoNbTaVW,As-cast,-,Hardness,535,Hv,10.1016.j.jallcom.2016.11.188,[23],
MoNbTaVW,As-cast,-,Yield Strength(Tension),1246,MPa,10.1016.j.jallcom.2016.11.188,[23],
CrMoNbTaVW,As-cast,-,Hardness,705,Hv,10.1016.j.jallcom.2016.11.188,[23],
HfMoTaTiZr,As-cast,-,Hardness,542,Hv,10.1016.j.jallcom.2016.11.188,[23],
HfMoTaTiZr,As-cast,-,Yield Strength(Tension),1600,MPa,10.1016.j.jallcom.2016.11.188,[23],
HfMoNbTaTiZr,As-cast,-,Hardness,505,Hv,10.1016.j.jallcom.2016.11.188,[23],
HfMoNbTaTiZr,As-cast,-,Yield Strength(Tension),1512,MPa,10.1016.j.jallcom.2016.11.188,[23],
HfNbTaTiVZr,As-cast,-,Hardness,558,Hv,10.1016.j.jallcom.2016.11.188,[23],
HfNbTaTiZr,As-cast,-,Hardness,390,Hv,10.1016.j.jallcom.2016.11.188,[23],
HfMoNbTiZr,As-cast,-,Yield Strength(Tension),1719,MPa,10.1016.j.jallcom.2016.11.188,[23],
HfMoNbTiZr,Annealed,-,Yield Strength(Tension),1575,MPa,10.1016.j.jallcom.2016.11.188,[23],
NbTiVZr,Annealed,-,Hardness,335,Hv,10.1016.j.jallcom.2016.11.188,[23],
NbTiVZr,Annealed,-,Yield Strength(Tension),1105,MPa,10.1016.j.jallcom.2016.11.188,[23],
MoNbTaTiV,-,-,Others(lattice parameter a),3.213,Å,10.1016.j.jallcom.2016.11.188,[23],
MoNbTaTiV,-,-,Others(lattice parameter a),3.224,Å,10.1016.j.jallcom.2016.11.188,[23],
MoNbTaTiV,-,-,Others(atomic volume V0),16.58,A³/at,10.1016.j.jallcom.2016.11.188,[23],
MoNbTaTiV,-,-,Others(C11),262.03,GPa,10.1016.j.jallcom.2016.11.188,[23],
MoNbTaTiV,-,-,Others(C12),141.45,GPa,10.1016.j.jallcom.2016.11.188,[23],
MoNbTaTiV,-,-,Others(C44),43.22,GPa,10.1016.j.jallcom.2016.11.188,[23],
MoNbTaTiV,-,-,Others(B|Ci j),181.2,GPa,10.1016.j.jallcom.2016.11.188,[23],
MoNbTaTiV,-,-,Others(B|e o s),174.47,GPa,10.1016.j.jallcom.2016.11.188,[23],
MoNbTaTiV,-,-,Others(G),50.71,GPa,10.1016.j.jallcom.2016.11.188,[23],
MoNbTaTiV,-,-,Others(E),139.15,GPa,10.1016.j.jallcom.2016.11.188,[23],
MoNbTaTiV,-,-,Others(Poisson's ratio n),0.372,-,10.1016.j.jallcom.2016.11.188,[23],
FeCoNiMn0.25Al0.25,As-cast,-,Yield Strength(Tension),138.1,MPa,10.1016.j.jallcom.2016.09.186,[27],
FeCoNiMn0.25Al0.25,As-cast,-,Ultimate Tensile Strength(Tension),483.9,MPa,10.1016.j.jallcom.2016.09.186,[27],
FeCoNiMn0.25Al0.25,As-cast,-,Ductility,58.1,%EL,10.1016.j.jallcom.2016.09.186,[27],
FeCoNiMn0.25Al0.25,As-cast,-,Hardness,150.6,HV,10.1016.j.jallcom.2016.09.186,[27],
FeCoNiMn0.25Al0.25,Cold-rolled,-,Yield Strength(Tension),662.7,MPa,10.1016.j.jallcom.2016.09.186,[27],
FeCoNiMn0.25Al0.25,Cold-rolled,-,Ultimate Tensile Strength(Tension),1029.6,MPa,10.1016.j.jallcom.2016.09.186,[27],
FeCoNiMn0.25Al0.25,Cold-rolled,-,Ductility,7.9,%EL,10.1016.j.jallcom.2016.09.186,[27],
FeCoNiMn0.25Al0.25,Cold-rolled,-,Hardness,357.2,HV,10.1016.j.jallcom.2016.09.186,[27],
FeCoNiMn0.25Al0.25,Annealed,-,Yield Strength(Tension),331.4,MPa,10.1016.j.jallcom.2016.09.186,[27],
FeCoNiMn0.25Al0.25,Annealed,-,Ultimate Tensile Strength(Tension),651,MPa,10.1016.j.jallcom.2016.09.186,[27],
FeCoNiMn0.25Al0.25,Annealed,-,Ductility,47.9,%EL,10.1016.j.jallcom.2016.09.186,[27],
FeCoNiMn0.25Al0.25,Annealed,-,Hardness,175.8,HV,10.1016.j.jallcom.2016.09.186,[27],
AlCoCrFeNi,600degC/168 h,-,Yield Strength(Compression),1.31,GPa,10.1016.j.jallcom.2016.10.138,[29],
AlCoCrFeNi,600degC/168 h,-,Ultimate Tensile Strength(Compression),2.6,GPa,10.1016.j.jallcom.2016.10.138,[29],
AlCoCrFeNi,600degC/168 h,-,Ductility,16.8,%  ,10.1016.j.jallcom.2016.10.138,[29],
AlCoCrFeNi,800degC/168 h,-,Yield Strength(Compression),1.17,GPa,10.1016.j.jallcom.2016.10.138,[29],
AlCoCrFeNi,800degC/168 h,-,Ultimate Tensile Strength(Compression),2.94,GPa,10.1016.j.jallcom.2016.10.138,[29],
AlCoCrFeNi,800degC/168 h,-,Ductility,21.6,%  ,10.1016.j.jallcom.2016.10.138,[29],
AlCoCrFeNi,1000degC/168 h,-,Yield Strength(Compression),1.07,GPa,10.1016.j.jallcom.2016.10.138,[29],
AlCoCrFeNi,1000degC/168 h,-,Ultimate Tensile Strength(Compression),2.83,GPa,10.1016.j.jallcom.2016.10.138,[29],
AlCoCrFeNi,1000degC/168 h,-,Ductility,24.9,%  ,10.1016.j.jallcom.2016.10.138,[29],
AlCoCrFeNi,1200degC/168 h,-,Yield Strength(Compression),1.13,GPa,10.1016.j.jallcom.2016.10.138,[29],
AlCoCrFeNi,1200degC/168 h,-,Ultimate Tensile Strength(Compression),3.02,GPa,10.1016.j.jallcom.2016.10.138,[29],
AlCoCrFeNi,1200degC/168 h,-,Ductility,24.2,%,10.1016.j.jallcom.2016.10.138,[29],
Al09,-,Room temperature,Yield Strength(Tension),770,MPa,10.1016.j.msea.2016.11.019,[32],
Al09,-,Room temperature,Ultimate Tensile Strength(Tension),3002.4,MPa,10.1016.j.msea.2016.11.019,[32],
Al09,-,Room temperature,Ductility,37.1,%,10.1016.j.msea.2016.11.019,[32],
Al10,-,Room temperature,Yield Strength(Tension),843.2,MPa,10.1016.j.msea.2016.11.019,[32],
Al10,-,Room temperature,Ultimate Tensile Strength(Tension),3450.4,MPa,10.1016.j.msea.2016.11.019,[32],
Al10,-,Room temperature,Ductility,34.6,%,10.1016.j.msea.2016.11.019,[32],
Al11,-,Room temperature,Yield Strength(Tension),1044,MPa,10.1016.j.msea.2016.11.019,[32],
Al11,-,Room temperature,Ultimate Tensile Strength(Tension),3513,MPa,10.1016.j.msea.2016.11.019,[32],
Al11,-,Room temperature,Ductility,27.1,%,10.1016.j.msea.2016.11.019,[32],
Al12,-,Room temperature,Yield Strength(Tension),906.8,MPa,10.1016.j.msea.2016.11.019,[32],
Al12,-,Room temperature,Ultimate Tensile Strength(Tension),3607.6,MPa,10.1016.j.msea.2016.11.019,[32],
Al12,-,Room temperature,Ductility,31.4,%,10.1016.j.msea.2016.11.019,[32],
Al13,-,Room temperature,Yield Strength(Tension),1122.8,MPa,10.1016.j.msea.2016.11.019,[32],
Al13,-,Room temperature,Ultimate Tensile Strength(Tension),3705.3,MPa,10.1016.j.msea.2016.11.019,[32],
Al13,-,Room temperature,Ductility,24.7,%,10.1016.j.msea.2016.11.019,[32],
AxCrFeNi,-,Room Temperature,Yield Strength(Tension),3002.4-3705.3,MPa,10.1016.j.msea.2016.11.019,[32],
AlCrFe2Ni2,-,Room Temperature,Yield Strength(Tension),1228,MPa,10.1016.j.msea.2016.11.019,[32],
AlCoCrFeNi,-,Room Temperature,Yield Strength(Tension),2864.9,MPa,10.1016.j.msea.2016.11.019,[32],
AlCrFeNi2Ti0.5,-,Room Temperature,Yield Strength(Tension),2083,MPa,10.1016.j.msea.2016.11.019,[32],
AlCrFeNiMo2,-,Room Temperature,Yield Strength(Tension),3222,MPa,10.1016.j.msea.2016.11.019,[32],
AlCrCuFeNi2,-,Room Temperature,Yield Strength(Tension),2123,MPa,10.1016.j.msea.2016.11.019,[32],
CrFeNiV0.5W,-,Room Temperature,Yield Strength(Tension),2240,MPa,10.1016.j.msea.2016.11.019,[32],
Al0.3CoCrFeNi,-,Room Temperature,Yield Strength(Tension),2000,MPa,10.1016.j.msea.2016.11.019,[32],
CoCrFeNi,-,Room Temperature,Yield Strength(Tension),488,MPa,10.1016.j.msea.2016.11.019,[32],
CoCrCuFeNi,-,Room Temperature,Yield Strength(Tension),888,MPa,10.1016.j.msea.2016.11.019,[32],
A0.5,-,-,Yield Strength(Tension),925,MPa,10.1016.j.matdes.2016.07.113,[38],
A0.6,-,-,Yield Strength(Tension),1411,MPa,10.1016.j.matdes.2016.07.113,[38],
A0.8,-,-,Yield Strength(Tension),1431,MPa,10.1016.j.matdes.2016.07.113,[38],
A1.0,-,-,Yield Strength(Tension),1371,MPa,10.1016.j.matdes.2016.07.113,[38],
A1.5,-,-,Yield Strength(Tension),1320,MPa,10.1016.j.matdes.2016.07.113,[38],
A1.75,-,-,Yield Strength(Tension),1607,MPa,10.1016.j.matdes.2016.07.113,[38],
A0.5,-,-,Hardness,376,HV,10.1016.j.matdes.2016.07.113,[38],
A0.6,-,-,Hardness,560,HV,10.1016.j.matdes.2016.07.113,[38],
A0.8,-,-,Hardness,577,HV,10.1016.j.matdes.2016.07.113,[38],
A1.0,-,-,Hardness,510,HV,10.1016.j.matdes.2016.07.113,[38],
A1.5,-,-,Hardness,583,HV,10.1016.j.matdes.2016.07.113,[38],
A1.75,-,-,Hardness,667,HV,10.1016.j.matdes.2016.07.113,[38],
CrNbTiVZr (Al0),Annealed at 1200degC,-,Density,6590,kgm-3,10.1016.j.matchar.2016.09.039,[39],
CrNbTiVZr (Al0.25),Annealed at 1200degC,-,Density,6500,kgm-3,10.1016.j.matchar.2016.09.039,[39],
CrNbTiVZr (Al0.5),Annealed at 1200degC,-,Density,6390,kgm-3,10.1016.j.matchar.2016.09.039,[39],
CrNbTiVZr (Al1),Annealed at 1200degC,-,Density,6250,kgm-3,10.1016.j.matchar.2016.09.039,[39],
CrNbTiVZr (Al0),Annealed at 1200degC,-,Microhardness,520+-10,HV,10.1016.j.matchar.2016.09.039,[39],
Al0.25CrNbTiVZr (Al0.25),Annealed at 1200degC,-,Microhardness,650+-35,HV,10.1016.j.matchar.2016.09.039,[39],
Al0.5CrNbTiVZr (Al0.5),Annealed at 1200degC,-,Microhardness,660+-20,HV,10.1016.j.matchar.2016.09.039,[39],
AlCrNbTiVZr (Al1),Annealed at 1200degC,-,Microhardness,670+-20,HV,10.1016.j.matchar.2016.09.039,[39],
CrNbTiVZr (Al0),-,22,Yield Strength(Compression),1260,MPa,10.1016.j.matchar.2016.09.039,[39],
CrNbTiVZr (Al0),-,22,Yield Strength(Compression),1270,MPa,10.1016.j.matchar.2016.09.039,[39],
CrNbTiVZr (Al0),-,600,Yield Strength(Compression),795,MPa,10.1016.j.matchar.2016.09.039,[39],
CrNbTiVZr (Al0),-,800,Yield Strength(Compression),440,MPa,10.1016.j.matchar.2016.09.039,[39],
CrNbTiVZr (Al0),-,1000,Yield Strength(Compression),95,MPa,10.1016.j.matchar.2016.09.039,[39],
Al0.25CrNbTiVZr (Al0.25),-,22,Yield Strength(Compression),1095,MPa,10.1016.j.matchar.2016.09.039,[39],
Al0.25CrNbTiVZr (Al0.25),-,600,Yield Strength(Compression),1365,MPa,10.1016.j.matchar.2016.09.039,[39],
Al0.25CrNbTiVZr (Al0.25),-,800,Yield Strength(Compression),680,MPa,10.1016.j.matchar.2016.09.039,[39],
Al0.25CrNbTiVZr (Al0.25),-,1000,Yield Strength(Compression),130,MPa,10.1016.j.matchar.2016.09.039,[39],
Al0.5CrNbTiVZr (Al0.5),-,22,Yield Strength(Compression),1630,MPa,10.1016.j.matchar.2016.09.039,[39],
Al0.5CrNbTiVZr (Al0.5),-,600,Yield Strength(Compression),1105,MPa,10.1016.j.matchar.2016.09.039,[39],
Al0.5CrNbTiVZr (Al0.5),-,800,Yield Strength(Compression),970,MPa,10.1016.j.matchar.2016.09.039,[39],
Al0.5CrNbTiVZr (Al0.5),-,1000,Yield Strength(Compression),265,MPa,10.1016.j.matchar.2016.09.039,[39],
AlCrNbTiVZr (Al1),-,22,Yield Strength(Compression),850,MPa,10.1016.j.matchar.2016.09.039,[39],
AlCrNbTiVZr (Al1),-,600,Yield Strength(Compression),620,MPa,10.1016.j.matchar.2016.09.039,[39],
AlCrNbTiVZr (Al1),-,800,Yield Strength(Compression),1250,MPa,10.1016.j.matchar.2016.09.039,[39],
AlCrNbTiVZr (Al1),-,1000,Yield Strength(Compression),305,MPa,10.1016.j.matchar.2016.09.039,[39],
Fe40.4Ni11.3Mn34.8Al7.5Cr6,C0,-,Yield Strength(Tension),159 ± 11,MPa,10.1016.j.actamat.2016.08.072,[40],
Fe40.4Ni11.3Mn34.8Al7.5Cr6,C0.07,-,Yield Strength(Tension),171 ± 3,MPa,10.1016.j.actamat.2016.08.072,[40],
Fe40.4Ni11.3Mn34.8Al7.5Cr6,C0.16,-,Yield Strength(Tension),181 ± 4,MPa,10.1016.j.actamat.2016.08.072,[40],
Fe40.4Ni11.3Mn34.8Al7.5Cr6,C0.30,-,Yield Strength(Tension),208 ± 6,MPa,10.1016.j.actamat.2016.08.072,[40],
Fe40.4Ni11.3Mn34.8Al7.5Cr6,C0.55,-,Yield Strength(Tension),274 ± 12,MPa,10.1016.j.actamat.2016.08.072,[40],
Fe40.4Ni11.3Mn34.8Al7.5Cr6,C1.10,-,Yield Strength(Tension),355 ± 7,MPa,10.1016.j.actamat.2016.08.072,[40],
Fe40.4Ni11.3Mn34.8Al7.5Cr6,C0,-,Ultimate Tensile Strength(Tension),535 ± 21,MPa,10.1016.j.actamat.2016.08.072,[40],
Fe40.4Ni11.3Mn34.8Al7.5Cr6,C0.07,-,Ultimate Tensile Strength(Tension),674 ± 26,MPa,10.1016.j.actamat.2016.08.072,[40],
Fe40.4Ni11.3Mn34.8Al7.5Cr6,C0.16,-,Ultimate Tensile Strength(Tension),713 ± 7,MPa,10.1016.j.actamat.2016.08.072,[40],
Fe40.4Ni11.3Mn34.8Al7.5Cr6,C0.30,-,Ultimate Tensile Strength(Tension),762 ± 27,MPa,10.1016.j.actamat.2016.08.072,[40],
Fe40.4Ni11.3Mn34.8Al7.5Cr6,C0.55,-,Ultimate Tensile Strength(Tension),960 ± 66,MPa,10.1016.j.actamat.2016.08.072,[40],
Fe40.4Ni11.3Mn34.8Al7.5Cr6,C1.10,-,Ultimate Tensile Strength(Tension),1174 ± 19,MPa,10.1016.j.actamat.2016.08.072,[40],
Fe40.4Ni11.3Mn34.8Al7.5Cr6,C0,-,Ductility,40.8 ± 2.5,% ,10.1016.j.actamat.2016.08.072,[40],
Fe40.4Ni11.3Mn34.8Al7.5Cr6,C0.07,-,Ductility,51.6 ± 3.2,% ,10.1016.j.actamat.2016.08.072,[40],
Fe40.4Ni11.3Mn34.8Al7.5Cr6,C0.16,-,Ductility,52.2 ± 2.0,% ,10.1016.j.actamat.2016.08.072,[40],
Fe40.4Ni11.3Mn34.8Al7.5Cr6,C0.30,-,Ductility,48.2 ± 0.9,% ,10.1016.j.actamat.2016.08.072,[40],
Fe40.4Ni11.3Mn34.8Al7.5Cr6,C0.55,-,Ductility,52.3 ± 4.7,% ,10.1016.j.actamat.2016.08.072,[40],
Fe40.4Ni11.3Mn34.8Al7.5Cr6,C1.10,-,Ductility,49.5 ± 0.6,%,10.1016.j.actamat.2016.08.072,[40],
AlCoCrFeNi,As cast,-,Microhardness,4.6 ± 0.2,GPa,10.1016.j.jallcom.2016.05.034,[41],
AlCoCrFeNi,850 degC,-,Microhardness,4.5 ± 0.2,GPa,10.1016.j.jallcom.2016.05.034,[41],
AlCoCrFeNi,975 degC,-,Microhardness,4.3 ± 0.2,GPa,10.1016.j.jallcom.2016.05.034,[41],
AlCoCrFeNi,1100 degC,-,Microhardness,4.4 ± 0.2,GPa,10.1016.j.jallcom.2016.05.034,[41],
AlCoCrFeNi,1200 degC,-,Microhardness,5.4 ± 0.2,GPa,10.1016.j.jallcom.2016.05.034,[41],
AlCoCrFeNi,As cast,-,Yield Strength(Compression),1380,MPa,10.1016.j.jallcom.2016.05.034,[41],
AlCoCrFeNi,As cast,-,Ultimate Tensile Strength(Compression),2065,MPa,10.1016.j.jallcom.2016.05.034,[41],
AlCoCrFeNi,850 degC,-,Yield Strength(Compression),1430,MPa,10.1016.j.jallcom.2016.05.034,[41],
AlCoCrFeNi,850 degC,-,Ultimate Tensile Strength(Compression),1465,MPa,10.1016.j.jallcom.2016.05.034,[41],
AlCoCrFeNi,975 degC,-,Yield Strength(Compression),1690,MPa,10.1016.j.jallcom.2016.05.034,[41],
AlCoCrFeNi,975 degC,-,Ultimate Tensile Strength(Compression),2020,MPa,10.1016.j.jallcom.2016.05.034,[41],
AlCoCrFeNi,1100 degC,-,Yield Strength(Compression),1220,MPa,10.1016.j.jallcom.2016.05.034,[41],
AlCoCrFeNi,1100 degC,-,Ultimate Tensile Strength(Compression),2050,MPa,10.1016.j.jallcom.2016.05.034,[41],
AlCoCrFeNi,1200 degC,-,Yield Strength(Compression),1450,MPa,10.1016.j.jallcom.2016.05.034,[41],
AlCoCrFeNi,1200 degC,-,Ultimate Tensile Strength(Compression),2500,MPa,10.1016.j.jallcom.2016.05.034,[41],
EHEA,As-received,-,Yield Strength(Tension),620,MPa,10.1016.j.msea.2016.08.048,[42],
EHEA,As-received,-,Ultimate Tensile Strength(Tension),1050,MPa,10.1016.j.msea.2016.08.048,[42],
EHEA,90% Cold-rolled (CR),-,Yield Strength(Tension),1625,MPa,10.1016.j.msea.2016.08.048,[42],
EHEA,90% Cold-rolled (CR),-,Ultimate Tensile Strength(Tension),1800,MPa,10.1016.j.msea.2016.08.048,[42],
EHEA,90% CR+Annealed at 800degC,-,Yield Strength(Tension),1108,MPa,10.1016.j.msea.2016.08.048,[42],
EHEA,90% CR+Annealed at 800degC,-,Ultimate Tensile Strength(Tension),1200,MPa,10.1016.j.msea.2016.08.048,[42],
EHEA,90% CR+Annealed at 1000degC,-,Yield Strength(Tension),844,MPa,10.1016.j.msea.2016.08.048,[42],
EHEA,90% CR+Annealed at 1000degC,-,Ultimate Tensile Strength(Tension),1175,MPa,10.1016.j.msea.2016.08.048,[42],
EHEA,90% CR+Annealed at 1200degC,-,Yield Strength(Tension),648,MPa,10.1016.j.msea.2016.08.048,[42],
EHEA,90% CR+Annealed at 1200degC,-,Ultimate Tensile Strength(Tension),1075,MPa,10.1016.j.msea.2016.08.048,[42],
EHEA,As-received,-,Ductility,17,%EL,10.1016.j.msea.2016.08.048,[42],
EHEA,90% Cold-rolled (CR),-,Ductility,6,%EL,10.1016.j.msea.2016.08.048,[42],
EHEA,90% CR+Annealed at 800degC,-,Ductility,12,%EL,10.1016.j.msea.2016.08.048,[42],
EHEA,90% CR+Annealed at 1000degC,-,Ductility,23,%EL,10.1016.j.msea.2016.08.048,[42],
EHEA,90% CR+Annealed at 1200degC,-,Ductility,27,%EL,10.1016.j.msea.2016.08.048,[42],
HfMoxNbTaTiZr,Mo-0,-,Density,9.91,g/cm3,10.1016.j.matlet.2016.03.133,[43],
HfMoxNbTaTiZr,Mo-0.25,-,Density,9.94,g/cm3,10.1016.j.matlet.2016.03.133,[43],
HfMoxNbTaTiZr,Mo-0.5,-,Density,9.96,g/cm3,10.1016.j.matlet.2016.03.133,[43],
HfMoxNbTaTiZr,Mo-0.75,-,Density,9.97,g/cm3,10.1016.j.matlet.2016.03.133,[43],
HfMoxNbTaTiZr,Mo-1,-,Density,9.97,g/cm3,10.1016.j.matlet.2016.03.133,[43],
HfMoxNbTaTiZr,Mo-0,-,Hardness,335,kg/mm2,10.1016.j.matlet.2016.03.133,[43],
HfMoxNbTaTiZr,Mo-0.25,-,Hardness,395,kg/mm2,10.1016.j.matlet.2016.03.133,[43],
HfMoxNbTaTiZr,Mo-0.5,-,Hardness,480,kg/mm2,10.1016.j.matlet.2016.03.133,[43],
HfMoxNbTaTiZr,Mo-0.75,-,Hardness,492,kg/mm2,10.1016.j.matlet.2016.03.133,[43],
HfMoxNbTaTiZr,Mo-1,-,Hardness,505,kg/mm2,10.1016.j.matlet.2016.03.133,[43],
HfMoxNbTaTiZr,Mo-0,-,Yield Strength(Compression),1015,MPa,10.1016.j.matlet.2016.03.133,[43],
HfMoxNbTaTiZr,Mo-0.25,-,Yield Strength(Compression),1112,MPa,10.1016.j.matlet.2016.03.133,[43],
HfMoxNbTaTiZr,Mo-0.5,-,Yield Strength(Compression),1317,MPa,10.1016.j.matlet.2016.03.133,[43],
HfMoxNbTaTiZr,Mo-0.75,-,Yield Strength(Compression),1373,MPa,10.1016.j.matlet.2016.03.133,[43],
HfMoxNbTaTiZr,Mo-1,-,Yield Strength(Compression),1512,MPa,10.1016.j.matlet.2016.03.133,[43],
HfMoxNbTaTiZr,Mo-0,-,Ductility,>50,%,10.1016.j.matlet.2016.03.133,[43],
HfMoxNbTaTiZr,Mo-0.25,-,Ductility,>50,%,10.1016.j.matlet.2016.03.133,[43],
HfMoxNbTaTiZr,Mo-0.5,-,Ductility,>50,%,10.1016.j.matlet.2016.03.133,[43],
HfMoxNbTaTiZr,Mo-0.75,-,Ductility,>50,%,10.1016.j.matlet.2016.03.133,[43],
HfMoxNbTaTiZr,Mo-1,-,Ductility,12,%,10.1016.j.matlet.2016.03.133,[43],
HfMoxNbTaTiZr,Mo-0,-,Young's modulus,85,GPa,10.1016.j.matlet.2016.03.133,[43],
HfMoxNbTaTiZr,Mo-0.25,-,Young's modulus,96,GPa,10.1016.j.matlet.2016.03.133,[43],
HfMoxNbTaTiZr,Mo-0.5,-,Young's modulus,102,GPa,10.1016.j.matlet.2016.03.133,[43],
HfMoxNbTaTiZr,Mo-0.75,-,Young's modulus,109,GPa,10.1016.j.matlet.2016.03.133,[43],
HfMoxNbTaTiZr,Mo-1,-,Young's modulus,115,GPa,10.1016.j.matlet.2016.03.133,[43],
Fe0.5,-,-,Yield Strength(Compression),1659,MPa,10.1016.j.matchar.2016.02.018,[48],
Fe0.5,-,-,Ultimate Tensile Strength(Compression),2240,MPa,10.1016.j.matchar.2016.02.018,[48],
Fe0.5,-,-,Ductility,0.11,-,10.1016.j.matchar.2016.02.018,[48],
Fe1.0,-,-,Yield Strength(Compression),1178,MPa,10.1016.j.matchar.2016.02.018,[48],
Fe1.0,-,-,Ultimate Tensile Strength(Compression),1801,MPa,10.1016.j.matchar.2016.02.018,[48],
Fe1.0,-,-,Ductility,0.21,-,10.1016.j.matchar.2016.02.018,[48],
Fe1.5,-,-,Yield Strength(Compression),895,MPa,10.1016.j.matchar.2016.02.018,[48],
Fe1.5,-,-,Ultimate Tensile Strength(Compression),1834,MPa,10.1016.j.matchar.2016.02.018,[48],
Fe1.5,-,-,Ductility,0.38,-,10.1016.j.matchar.2016.02.018,[48],
Fe2.0,-,-,Yield Strength(Compression),866,MPa,10.1016.j.matchar.2016.02.018,[48],
Fe2.0,-,-,Ultimate Tensile Strength(Compression),1736,MPa,10.1016.j.matchar.2016.02.018,[48],
Fe2.0,-,-,Ductility,0.45,-,10.1016.j.matchar.2016.02.018,[48],
AlCrFeCoNiCuMn,-,-,Yield Strength(Tension),1005,MPa,10.1016.j.matchar.2016.02.018,[48],
AlCrFeCoNiCuMn,-,-,Ultimate Tensile Strength(Tension),1480,MPa,10.1016.j.matchar.2016.02.018,[48],
AlCrFeCoNiCuMn,-,-,Ductility,15,-,10.1016.j.matchar.2016.02.018,[48],
AlCrFeCoNiCuTi,-,-,Yield Strength(Tension),1234,MPa,10.1016.j.matchar.2016.02.018,[48],
AlCrFeCoNiCuTi,-,-,Ultimate Tensile Strength(Tension),1356,MPa,10.1016.j.matchar.2016.02.018,[48],
AlCrFeCoNiCuTi,-,-,Ductility,9,-,10.1016.j.matchar.2016.02.018,[48],
CrFeCoNiCuTi0.5,-,-,Yield Strength(Tension),700,MPa,10.1016.j.matchar.2016.02.018,[48],
CrFeCoNiCuTi0.5,-,-,Ultimate Tensile Strength(Tension),1650,MPa,10.1016.j.matchar.2016.02.018,[48],
CrFeCoNiCuTi0.5,-,-,Ductility,21,-,10.1016.j.matchar.2016.02.018,[48],
Zr56*2Ti13.8Nb5Cu6*9Ni5.6Be12.5,-,-,Yield Strength(Tension),1300,MPa,10.1016.j.matchar.2016.02.018,[48],
Zr56*2Ti13.8Nb5Cu6*9Ni5.6Be12.5,-,-,Ultimate Tensile Strength(Tension),1700,MPa,10.1016.j.matchar.2016.02.018,[48],
Zr56*2Ti13.8Nb5Cu6*9Ni5.6Be12.5,-,-,Ductility,6.81,-,10.1016.j.matchar.2016.02.018,[48],
Ti40Zr25Ni3Cu12Be20,-,-,Yield Strength(Tension),1680,MPa,10.1016.j.matchar.2016.02.018,[48],
Ti40Zr25Ni3Cu12Be20,-,-,Ultimate Tensile Strength(Tension),1780,MPa,10.1016.j.matchar.2016.02.018,[48],
Ti40Zr25Ni3Cu12Be20,-,-,Ductility,3.2,-,10.1016.j.matchar.2016.02.018,[48],
Mg81Cu9*3Y4.7Zn5,-,-,Yield Strength(Tension),550,MPa,10.1016.j.matchar.2016.02.018,[48],
Mg81Cu9*3Y4.7Zn5,-,-,Ultimate Tensile Strength(Tension),1163,MPa,10.1016.j.matchar.2016.02.018,[48],
Mg81Cu9*3Y4.7Zn5,-,-,Ductility,18.5,-,10.1016.j.matchar.2016.02.018,[48],
420 stainless steel,-,-,Yield Strength(Tension),1345,MPa,10.1016.j.matchar.2016.02.018,[48],
420 stainless steel,-,-,Ultimate Tensile Strength(Tension),1586,MPa,10.1016.j.matchar.2016.02.018,[48],
420 stainless steel,-,-,Ductility,8,-,10.1016.j.matchar.2016.02.018,[48],
416 stainless steel,-,-,Yield Strength(Tension),1000,MPa,10.1016.j.matchar.2016.02.018,[48],
416 stainless steel,-,-,Ultimate Tensile Strength(Tension),1310,MPa,10.1016.j.matchar.2016.02.018,[48],
416 stainless steel,-,-,Ductility,15,-,10.1016.j.matchar.2016.02.018,[48],
18Ni(200) maraging steel,-,-,Yield Strength(Tension),1400,MPa,10.1016.j.matchar.2016.02.018,[48],
18Ni(200) maraging steel,-,-,Ultimate Tensile Strength(Tension),1500,MPa,10.1016.j.matchar.2016.02.018,[48],
18Ni(200) maraging steel,-,-,Ductility,10,-,10.1016.j.matchar.2016.02.018,[48],
Co25Ni25Fe25Al7.5Cu17.5,SPS,-,Yield Strength(Tension),1795,MPa,10.1016.j.actamat.2016.01.050,[50],
Co25Ni25Fe25Al7.5Cu17.5,Casting,-,Ultimate Tensile Strength(Tension),1936,MPa,10.1016.j.actamat.2016.01.050,[50],
Co25Ni25Fe25Al7.5Cu17.5,Casting,-,Ductility,>44.2,%EL,10.1016.j.actamat.2016.01.050,[50],
Co20Ni20Fe20Cr20Cu20,Casting,-,Yield Strength(Tension),230,MPa,10.1016.j.actamat.2016.01.050,[50],
Co20Ni20Fe20Cr20Cu20,Casting,-,Ductility,>50.2,%EL,10.1016.j.actamat.2016.01.050,[50],
Co18.2Ni18.2Fe18.2Cr18.2Ti9.0Cu18.2,Casting,-,Yield Strength(Tension),700,MPa,10.1016.j.actamat.2016.01.050,[50],
Co18.2Ni18.2Fe18.2Cr18.2Ti9.0Cu18.2,Casting,-,Ultimate Tensile Strength(Tension),1650,MPa,10.1016.j.actamat.2016.01.050,[50],
Co18.2Ni18.2Fe18.2Cr18.2Al9.0Cu18.2,Casting,-,Yield Strength(Tension),460,MPa,10.1016.j.actamat.2016.01.050,[50],
Co18.2Ni18.2Fe18.2Cr18.2Al9.0Cu18.2,Casting,-,Ductility,>51.5,%EL,10.1016.j.actamat.2016.01.050,[50],
Co25Ni25Fe25Cr25,Casting,-,Yield Strength(Tension),136,MPa,10.1016.j.actamat.2016.01.050,[50],
Co25Ni25Fe25Cr25,Casting,-,Ultimate Tensile Strength(Tension),871,MPa,10.1016.j.actamat.2016.01.050,[50],
Co23.25Ni23.25Fe23.25Cr23.25Mo7.00,Casting,-,Yield Strength(Tension),305,MPa,10.1016.j.actamat.2016.01.050,[50],
Co23.25Ni23.25Fe23.25Cr23.25Mo7.00,Casting,-,Ultimate Tensile Strength(Tension),1269,MPa,10.1016.j.actamat.2016.01.050,[50],
Co23.25Ni23.25Fe23.25Cr23.25Ti7.00,Casting,-,Yield Strength(Tension),648,MPa,10.1016.j.actamat.2016.01.050,[50],
Co23.25Ni23.25Fe23.25Cr23.25Ti7.00,Casting,-,Ultimate Tensile Strength(Tension),1529,MPa,10.1016.j.actamat.2016.01.050,[50],
Co29.41Ni29.41Fe29.42Al5.88Si5.88,Casting,-,Yield Strength(Tension),342,MPa,10.1016.j.actamat.2016.01.050,[50],
Co29.41Ni29.41Fe29.42Al5.88Si5.88,Casting,-,Ductility,>50,%EL,10.1016.j.actamat.2016.01.050,[50],
-,Compression,25,Yield Strength(Compression),-,MPa,10.1016.j.jallcom.2015.11.050,[52],
-,Compression,25,Ultimate Tensile Strength(Compression),1010,MPa,10.1016.j.jallcom.2015.11.050,[52],
-,Compression,400,Yield Strength(Compression),1080,MPa,10.1016.j.jallcom.2015.11.050,[52],
-,Compression,400,Ultimate Tensile Strength(Compression),1100,MPa,10.1016.j.jallcom.2015.11.050,[52],
-,Compression,400,Ductility,0.02,-,10.1016.j.jallcom.2015.11.050,[52],
-,Compression,600,Yield Strength(Compression),1060,MPa,10.1016.j.jallcom.2015.11.050,[52],
-,Compression,600,Ultimate Tensile Strength(Compression),1170,MPa,10.1016.j.jallcom.2015.11.050,[52],
-,Compression,600,Ductility,>0.025,-,10.1016.j.jallcom.2015.11.050,[52],
-,Compression,800,Yield Strength(Compression),860 ± 110,MPa,10.1016.j.jallcom.2015.11.050,[52],
-,Compression,800,Ultimate Tensile Strength(Compression),1000 ± 195,MPa,10.1016.j.jallcom.2015.11.050,[52],
-,Compression,800,Ductility,>0.020,-,10.1016.j.jallcom.2015.11.050,[52],
-,Compression,1000,Yield Strength(Compression),594 ± 5,MPa,10.1016.j.jallcom.2015.11.050,[52],
-,Compression,1000,Ultimate Tensile Strength(Compression),630 ± 16,MPa,10.1016.j.jallcom.2015.11.050,[52],
-,Compression,1000,Ductility,>0.150,-,10.1016.j.jallcom.2015.11.050,[52],
-,Compression,1200,Yield Strength(Compression),105 ± 14,MPa,10.1016.j.jallcom.2015.11.050,[52],
-,Compression,1200,Ultimate Tensile Strength(Compression),116 ± 8,MPa,10.1016.j.jallcom.2015.11.050,[52],
-,Compression,1200,Ductility,>0.240,-,10.1016.j.jallcom.2015.11.050,[52],
Fe40Mn28Ni28Cr4,homogenization annealing,-,Microhardness,111+-6,HV,10.1016.j.matdes.2015.08.007,[57],
Fe40Mn28Ni20Cr12,homogenization annealing,-,Microhardness,115+-4,HV,10.1016.j.matdes.2015.08.007,[57],
Fe40Mn28Ni14Cr18,homogenization annealing,-,Microhardness,126+-6,HV,10.1016.j.matdes.2015.08.007,[57],
Fe40Mn28Ni8Cr24,homogenization annealing,-,Microhardness,410+-19,HV,10.1016.j.matdes.2015.08.007,[57],
AlNbTiV,-,-,Density,5590 ± 70,kg m-3,10.1016.j.jallcom.2015.08.224,[58],
AlCr0.5NbTiV,-,-,Density,5710 ± 80,kg m-3,10.1016.j.jallcom.2015.08.224,[58],
AlCrNbTiV,-,-,Density,5820 ± 120,kg m-3,10.1016.j.jallcom.2015.08.224,[58],
AlCr1.5NbTiV,-,-,Density,5900 ± 80,kg m-3,10.1016.j.jallcom.2015.08.224,[58],
AlNbTiV,22,-,Yield Strength(Compression),1000,MPa,10.1016.j.jallcom.2015.08.224,[58],
AlNbTiV,22,-,Ultimate Tensile Strength(Compression),1280,MPa,10.1016.j.jallcom.2015.08.224,[58],
AlNbTiV,22,-,Ductility,5.2,%EL,10.1016.j.jallcom.2015.08.224,[58],
AlNbTiV.1,22,-,Yield Strength(Compression),1300,MPa,10.1016.j.jallcom.2015.08.224,[58],
AlNbTiV.1,22,-,Ultimate Tensile Strength(Compression),1430,MPa,10.1016.j.jallcom.2015.08.224,[58],
AlNbTiV.1,22,-,Ductility,0.8,%EL,10.1016.j.jallcom.2015.08.224,[58],
AlNbTiV.2,22,-,Yield Strength(Compression),1550,MPa,10.1016.j.jallcom.2015.08.224,[58],
AlNbTiV.2,22,-,Ultimate Tensile Strength(Compression),1570,MPa,10.1016.j.jallcom.2015.08.224,[58],
AlNbTiV.2,22,-,Ductility,0.4,%EL,10.1016.j.jallcom.2015.08.224,[58],
AlCr0.5NbTiV,22,-,Yield Strength(Compression),1700,MPa,10.1016.j.jallcom.2015.08.224,[58],
AlCr0.5NbTiV,22,-,Ultimate Tensile Strength(Compression),1700,MPa,10.1016.j.jallcom.2015.08.224,[58],
AlCr0.5NbTiV,22,-,Ductility,0,%EL,10.1016.j.jallcom.2015.08.224,[58],
AlCr0.5NbTiV.1,22,-,Yield Strength(Compression),1005,MPa,10.1016.j.jallcom.2015.08.224,[58],
AlCr0.5NbTiV.1,22,-,Ultimate Tensile Strength(Compression),1045,MPa,10.1016.j.jallcom.2015.08.224,[58],
AlCr0.5NbTiV.1,22,-,Ductility,2.5,%EL,10.1016.j.jallcom.2015.08.224,[58],
AlCr0.5NbTiV.2,22,-,Yield Strength(Compression),1015,MPa,10.1016.j.jallcom.2015.08.224,[58],
AlCr0.5NbTiV.2,22,-,Ultimate Tensile Strength(Compression),1060,MPa,10.1016.j.jallcom.2015.08.224,[58],
AlCr0.5NbTiV.2,22,-,Ductility,1.5,%EL,10.1016.j.jallcom.2015.08.224,[58],
AlCrNbTiV,22,-,Yield Strength(Compression),1370,MPa,10.1016.j.jallcom.2015.08.224,[58],
AlCrNbTiV,22,-,Ultimate Tensile Strength(Compression),1480,MPa,10.1016.j.jallcom.2015.08.224,[58],
AlCrNbTiV,22,-,Ductility,0.8,%EL,10.1016.j.jallcom.2015.08.224,[58],
AlCrNbTiV.1,22,-,Yield Strength(Compression),65,MPa,10.1016.j.jallcom.2015.08.224,[58],
AlCrNbTiV.1,22,-,Ultimate Tensile Strength(Compression),95,MPa,10.1016.j.jallcom.2015.08.224,[58],
AlCrNbTiV.1,22,-,Ductility,>50,%EL,10.1016.j.jallcom.2015.08.224,[58],
AlCrNbTiV.2,22,-,Yield Strength(Compression),75,MPa,10.1016.j.jallcom.2015.08.224,[58],
AlCrNbTiV.2,22,-,Ultimate Tensile Strength(Compression),105,MPa,10.1016.j.jallcom.2015.08.224,[58],
AlCrNbTiV.2,22,-,Ductility,>50,%EL,10.1016.j.jallcom.2015.08.224,[58],
AlCr1.5NbTiV,22,-,Yield Strength(Compression),>50,MPa,10.1016.j.jallcom.2015.08.224,[58],
AlCr1.5NbTiV,22,-,Ultimate Tensile Strength(Compression),>50,MPa,10.1016.j.jallcom.2015.08.224,[58],
AlCr1.5NbTiV,22,-,Ductility,>50,%EL,10.1016.j.jallcom.2015.08.224,[58],
AlCr1.5NbTiV.1,22,-,Yield Strength(Compression),40,MPa,10.1016.j.jallcom.2015.08.224,[58],
AlCr1.5NbTiV.1,22,-,Ultimate Tensile Strength(Compression),80,MPa,10.1016.j.jallcom.2015.08.224,[58],
AlCr1.5NbTiV.1,22,-,Ductility,>50,%EL,10.1016.j.jallcom.2015.08.224,[58],
AlCr1.5NbTiV.2,22,-,Yield Strength(Compression),75,MPa,10.1016.j.jallcom.2015.08.224,[58],
AlCr1.5NbTiV.2,22,-,Ultimate Tensile Strength(Compression),105,MPa,10.1016.j.jallcom.2015.08.224,[58],
AlCr1.5NbTiV.2,22,-,Ductility,>50,%EL,10.1016.j.jallcom.2015.08.224,[58],
AlNbTiV,600,-,Yield Strength(Compression),780,MPa,10.1016.j.jallcom.2015.08.224,[58],
AlNbTiV,600,-,Ultimate Tensile Strength(Compression),1005,MPa,10.1016.j.jallcom.2015.08.224,[58],
AlNbTiV,600,-,Ductility,12.5,%EL,10.1016.j.jallcom.2015.08.224,[58],
AlNbTiV.1,600,-,Yield Strength(Compression),1005,MPa,10.1016.j.jallcom.2015.08.224,[58],
AlNbTiV.1,600,-,Ultimate Tensile Strength(Compression),1045,MPa,10.1016.j.jallcom.2015.08.224,[58],
AlNbTiV.1,600,-,Ductility,2.5,%EL,10.1016.j.jallcom.2015.08.224,[58],
AlNbTiV.2,600,-,Yield Strength(Compression),1015,MPa,10.1016.j.jallcom.2015.08.224,[58],
AlNbTiV.2,600,-,Ultimate Tensile Strength(Compression),1060,MPa,10.1016.j.jallcom.2015.08.224,[58],
AlNbTiV.2,600,-,Ductility,1.5,%EL,10.1016.j.jallcom.2015.08.224,[58],
AlCr0.5NbTiV,600,-,Yield Strength(Compression),1370,MPa,10.1016.j.jallcom.2015.08.224,[58],
AlCr0.5NbTiV,600,-,Ultimate Tensile Strength(Compression),1480,MPa,10.1016.j.jallcom.2015.08.224,[58],
AlCr0.5NbTiV,600,-,Ductility,0.8,%EL,10.1016.j.jallcom.2015.08.224,[58],
AlCr0.5NbTiV.1,600,-,Yield Strength(Compression),65,MPa,10.1016.j.jallcom.2015.08.224,[58],
AlCr0.5NbTiV.1,600,-,Ultimate Tensile Strength(Compression),95,MPa,10.1016.j.jallcom.2015.08.224,[58],
AlCr0.5NbTiV.1,600,-,Ductility,>50,%EL,10.1016.j.jallcom.2015.08.224,[58],
AlCr0.5NbTiV.2,600,-,Yield Strength(Compression),75,MPa,10.1016.j.jallcom.2015.08.224,[58],
AlCr0.5NbTiV.2,600,-,Ultimate Tensile Strength(Compression),105,MPa,10.1016.j.jallcom.2015.08.224,[58],
AlCr0.5NbTiV.2,600,-,Ductility,>50,%EL,10.1016.j.jallcom.2015.08.224,[58],
AlNbTiV,800,-,Yield Strength(Compression),560,MPa,10.1016.j.jallcom.2015.08.224,[58],
AlNbTiV,800,-,Ultimate Tensile Strength(Compression),700,MPa,10.1016.j.jallcom.2015.08.224,[58],
AlNbTiV,800,-,Ductility,>50,%EL,10.1016.j.jallcom.2015.08.224,[58],
AlNbTiV.1,800,-,Yield Strength(Compression),640,MPa,10.1016.j.jallcom.2015.08.224,[58],
AlNbTiV.1,800,-,Ultimate Tensile Strength(Compression),685,MPa,10.1016.j.jallcom.2015.08.224,[58],
AlNbTiV.1,800,-,Ductility,>50,%EL,10.1016.j.jallcom.2015.08.224,[58],
AlNbTiV.2,800,-,Yield Strength(Compression),860,MPa,10.1016.j.jallcom.2015.08.224,[58],
AlNbTiV.2,800,-,Ultimate Tensile Strength(Compression),895,MPa,10.1016.j.jallcom.2015.08.224,[58],
AlNbTiV.2,800,-,Ductility,>50,%EL,10.1016.j.jallcom.2015.08.224,[58],
AlCr0.5NbTiV,800,-,Yield Strength(Compression),970,MPa,10.1016.j.jallcom.2015.08.224,[58],
AlCr0.5NbTiV,800,-,Ultimate Tensile Strength(Compression),1045,MPa,10.1016.j.jallcom.2015.08.224,[58],
AlCr0.5NbTiV,800,-,Ductility,>50,%EL,10.1016.j.jallcom.2015.08.224,[58],
AlCr0.5NbTiV.1,800,-,Yield Strength(Compression),40,MPa,10.1016.j.jallcom.2015.08.224,[58],
AlCr0.5NbTiV.1,800,-,Ultimate Tensile Strength(Compression),80,MPa,10.1016.j.jallcom.2015.08.224,[58],
AlCr0.5NbTiV.1,800,-,Ductility,>50,%EL,10.1016.j.jallcom.2015.08.224,[58],
AlCr0.5NbTiV.2,800,-,Yield Strength(Compression),75,MPa,10.1016.j.jallcom.2015.08.224,[58],
AlCr0.5NbTiV.2,800,-,Ultimate Tensile Strength(Compression),105,MPa,10.1016.j.jallcom.2015.08.224,[58],
AlCr0.5NbTiV.2,800,-,Ductility,>50,%EL,10.1016.j.jallcom.2015.08.224,[58],
AlNbTiV,1000,-,Yield Strength(Compression),110,MPa,10.1016.j.jallcom.2015.08.224,[58],
AlNbTiV,1000,-,Ultimate Tensile Strength(Compression),-,MPa,10.1016.j.jallcom.2015.08.224,[58],
AlNbTiV,1000,-,Ductility,>50,%EL,10.1016.j.jallcom.2015.08.224,[58],
AlNbTiV.1,1000,-,Yield Strength(Compression),40,MPa,10.1016.j.jallcom.2015.08.224,[58],
AlNbTiV.1,1000,-,Ultimate Tensile Strength(Compression),80,MPa,10.1016.j.jallcom.2015.08.224,[58],
AlNbTiV.1,1000,-,Ductility,>50,%EL,10.1016.j.jallcom.2015.08.224,[58],
AlNbTiV.2,1000,-,Yield Strength(Compression),65,MPa,10.1016.j.jallcom.2015.08.224,[58],
AlNbTiV.2,1000,-,Ultimate Tensile Strength(Compression),95,MPa,10.1016.j.jallcom.2015.08.224,[58],
AlNbTiV.2,1000,-,Ductility,>50,%EL,10.1016.j.jallcom.2015.08.224,[58],
HfNbTaTiZr,As-cold-rolled,Cold-rolled,Microhardness,367 ± 8,Hv,10.1016.j.jallcom.2015.07.209,[60],
HfNbTaTiZr,As-cold-rolled,800 degC,Microhardness,374 ± 8,Hv,10.1016.j.jallcom.2015.07.209,[60],
HfNbTaTiZr,As-cold-rolled,1000 degC,Microhardness,347 ± 6,Hv,10.1016.j.jallcom.2015.07.209,[60],
HfNbTaTiZr,As-cold-rolled,1200 degC,Microhardness,367 ± 5,Hv,10.1016.j.jallcom.2015.07.209,[60],
HfNbTaTiZr,As-cold-rolled,Cold-rolled,Microhardness,366 ± 4,Hv,10.1016.j.jallcom.2015.07.209,[60],
HfNbTaTiZr,As-cold-rolled,800 degC,Microhardness,375 ± 5,Hv,10.1016.j.jallcom.2015.07.209,[60],
HfNbTaTiZr,As-cold-rolled,1000 degC,Microhardness,351 ± 7,Hv,10.1016.j.jallcom.2015.07.209,[60],
HfNbTaTiZr,As-cold-rolled,1200 degC,Microhardness,370 ± 5,Hv,10.1016.j.jallcom.2015.07.209,[60],
HfNbTaTiZr,As-cold-rolled,-,Yield Strength(Tension),1202,MPa,10.1016.j.jallcom.2015.07.209,[60],
HfNbTaTiZr,As-cold-rolled,-,Ultimate Tensile Strength(Tension),1295,MPa,10.1016.j.jallcom.2015.07.209,[60],
HfNbTaTiZr,As-cold-rolled,-,Ductility,4.7,%EL,10.1016.j.jallcom.2015.07.209,[60],
HfNbTaTiZr,As-cold-rolled,-,Young's modulus,93.3,GPa,10.1016.j.jallcom.2015.07.209,[60],
HfNbTaTiZr,Cold-rolled + annealed at 800 degC/2 h,-,Yield Strength(Tension),1303,MPa,10.1016.j.jallcom.2015.07.209,[60],
HfNbTaTiZr,Cold-rolled + annealed at 800 degC/2 h,-,Ultimate Tensile Strength(Tension),1334,MPa,10.1016.j.jallcom.2015.07.209,[60],
HfNbTaTiZr,Cold-rolled + annealed at 800 degC/2 h,-,Ductility,1.9,%EL,10.1016.j.jallcom.2015.07.209,[60],
HfNbTaTiZr,Cold-rolled + annealed at 800 degC/2 h,-,Young's modulus,100,GPa,10.1016.j.jallcom.2015.07.209,[60],
HfNbTaTiZr,Cold-rolled + annealed at 1000 degC/2 h,-,Yield Strength(Tension),1145,MPa,10.1016.j.jallcom.2015.07.209,[60],
HfNbTaTiZr,Cold-rolled + annealed at 1000 degC/2 h,-,Ultimate Tensile Strength(Tension),1262,MPa,10.1016.j.jallcom.2015.07.209,[60],
HfNbTaTiZr,Cold-rolled + annealed at 1000 degC/2 h,-,Ductility,9.7,%EL,10.1016.j.jallcom.2015.07.209,[60],
HfNbTaTiZr,Cold-rolled + annealed at 1000 degC/2 h,-,Young's modulus,99.2,GPa,10.1016.j.jallcom.2015.07.209,[60],
Hf,-,-,Young's modulus,78,GPa,10.1016.j.jallcom.2015.07.209,[60],
Nb,-,-,Young's modulus,105,GPa,10.1016.j.jallcom.2015.07.209,[60],
Ta,-,-,Young's modulus,186,GPa,10.1016.j.jallcom.2015.07.209,[60],
Ti,-,-,Young's modulus,116,GPa,10.1016.j.jallcom.2015.07.209,[60],
Zr,-,-,Young's modulus,68,GPa,10.1016.j.jallcom.2015.07.209,[60],
HfNbTaTiZr,-,-,Young's modulus,107.9,GPa,10.1016.j.jallcom.2015.07.209,[60],
Al0.75NiFeCrCo,-,-,Yield Strength(Tension),1938,MPa,10.1016.j.msea.2015.08.056,[61],
Al0.75NiFeCrCo,-,-,Ultimate Tensile Strength(Tension),2221,MPa,10.1016.j.msea.2015.08.056,[61],
Al0.75NiFeCrCo,-,-,Ductility,7.6,%EL,10.1016.j.msea.2015.08.056,[61],
Al0.75NiFeCr,-,-,Yield Strength(Tension),1741,MPa,10.1016.j.msea.2015.08.056,[61],
Al0.75NiFeCr,-,-,Ultimate Tensile Strength(Tension),2184,MPa,10.1016.j.msea.2015.08.056,[61],
Al0.75NiFeCr,-,-,Ductility,7.4,%EL,10.1016.j.msea.2015.08.056,[61],
Al0.75NiFeCrCoTi0.25,-,-,Yield Strength(Tension),1926,MPa,10.1016.j.msea.2015.08.056,[61],
Al0.75NiFeCrCoTi0.25,-,-,Ultimate Tensile Strength(Tension),2376,MPa,10.1016.j.msea.2015.08.056,[61],
Al0.75NiFeCrCoTi0.25,-,-,Ductility,6.8,%EL,10.1016.j.msea.2015.08.056,[61],
Al0.75NiFeCrCo,-,-,Hardness,577,Hv,10.1016.j.msea.2015.08.056,[61],
Al0.75NiFeCr,-,-,Hardness,556,Hv,10.1016.j.msea.2015.08.056,[61],
Al0.75NiFeCrCoTi0.25,-,-,Hardness,609,Hv,10.1016.j.msea.2015.08.056,[61],
Nb20Ni20Ti20Co20Zr20,As-cast,-,Hardness,527.3+-6.9,HV,10.1016.j.pnsc.2015.09.001,[62],
Nb20Ni20Ti20Co20Zr20.1,Annealed,-,Hardness,489.2+-25.3,HV,10.1016.j.pnsc.2015.09.001,[62],
Nb16.7Ni16.7Ti16.7Co16.7Zr16.7Hf16.7,As-cast,-,Hardness,515.5+-11.2,HV,10.1016.j.pnsc.2015.09.001,[62],
Nb16.7Ni16.7Ti16.7Co16.7Zr16.7Hf16.7.1,Annealed,-,Hardness,520.1+-2.0,HV,10.1016.j.pnsc.2015.09.001,[62],
Co20Ni20Fe20Al20Ti20,-,Room Temperature,Ultimate Tensile Strength(Tension),2988,MPa,10.1016.j.msea.2015.07.052,[65],
Co0.5NiFeCrTi0.5,-,Room Temperature,Ultimate Tensile Strength(Tension),2690,MPa,10.1016.j.msea.2015.07.052,[65],
CoNiFeCrAl0.6Ti0.4,-,Room Temperature,Ultimate Tensile Strength(Tension),2520,MPa,10.1016.j.msea.2015.07.052,[65],
AlFeNiCoCrMn,-,Room Temperature,Ultimate Tensile Strength(Tension),2142,MPa,10.1016.j.msea.2015.07.052,[65],
Co0.3NiFeCrAl0.7,-,Room Temperature,Ultimate Tensile Strength(Tension),2635,MPa,10.1016.j.msea.2015.07.052,[65],
Al0.5CrFeNiCo0.3C0.2,-,Room Temperature,Ultimate Tensile Strength(Tension),2131,MPa,10.1016.j.msea.2015.07.052,[65],
CoCrFeNiAl,-,Room Temperature,Ultimate Tensile Strength(Tension),1907,MPa,10.1016.j.msea.2015.07.052,[65],
FeNiCoCrMn,-,Room Temperature,Ultimate Tensile Strength(Tension),1987,MPa,10.1016.j.msea.2015.07.052,[65],
Co20Ni20Fe20Al20Ti20,-,Room Temperature,Others(fracture strain),5.8,%,10.1016.j.msea.2015.07.052,[65],
Co0.5NiFeCrTi0.5,-,Room Temperature,Others(fracture strain),~2.0,* ,10.1016.j.msea.2015.07.052,[65],
CoNiFeCrAl0.6Ti0.4,-,Room Temperature,Others(fracture strain),~7.0,* ,10.1016.j.msea.2015.07.052,[65],
AlFeNiCoCrMn,-,Room Temperature,Others(fracture strain),~6.0,* ,10.1016.j.msea.2015.07.052,[65],
Co0.3NiFeCrAl0.7,-,Room Temperature,Others(fracture strain),8.1,% ,10.1016.j.msea.2015.07.052,[65],
Al0.5CrFeNiCo0.3C0.2,-,Room Temperature,Others(fracture strain),3,% ,10.1016.j.msea.2015.07.052,[65],
CoCrFeNiAl,-,Room Temperature,Others(fracture strain),~6.5,* ,10.1016.j.msea.2015.07.052,[65],
FeNiCoCrMn,-,Room Temperature,Others(fracture strain),~8.0,* ,10.1016.j.msea.2015.07.052,[65],
Co20Ni20Fe20Al20Ti20,-,Room Temperature,Hardness,704,Hv,10.1016.j.msea.2015.07.052,[65],
Co0.5NiFeCrTi0.5,-,Room Temperature,Hardness,846,Hv,10.1016.j.msea.2015.07.052,[65],
CoNiFeCrAl0.6Ti0.4,-,Room Temperature,Hardness,573,Hv,10.1016.j.msea.2015.07.052,[65],
AlFeNiCoCrMn,-,Room Temperature,Hardness,662,Hv,10.1016.j.msea.2015.07.052,[65],
Co0.3NiFeCrAl0.7,-,Room Temperature,Hardness,624,Hv,10.1016.j.msea.2015.07.052,[65],
Al0.5CrFeNiCo0.3C0.2,-,Room Temperature,Hardness,617,Hv,10.1016.j.msea.2015.07.052,[65],
CoCrFeNiAl,-,Room Temperature,Hardness,625,Hv,10.1016.j.msea.2015.07.052,[65],
FeNiCoCrMn,-,Room Temperature,Hardness,646,Hv,10.1016.j.msea.2015.07.052,[65],
-,Compressive,-,Ultimate Tensile Strength(Compression),1803,MPa,10.1016.j.matdes.2015.05.019,[66],
-,Compressive,-,Yield Strength(Compression),1719,MPa,10.1016.j.matdes.2015.05.019,[66],
-,Compressive,-,Ductility,10.12,%,10.1016.j.matdes.2015.05.019,[66],
-,Compressive,-,Ductility,9.08,%,10.1016.j.matdes.2015.05.019,[66],
Mo,-,-,Melting point,2896,K,10.1016.j.matdes.2015.05.019,[66],
Nb,-,-,Melting point,2750,K,10.1016.j.matdes.2015.05.019,[66],
Hf,-,-,Melting point,2506,K,10.1016.j.matdes.2015.05.019,[66],
Zr,-,-,Melting point,2128,K,10.1016.j.matdes.2015.05.019,[66],
Ti,-,-,Melting point,1941,K,10.1016.j.matdes.2015.05.019,[66],
Ta,-,-,Melting point,3268,K,10.1016.j.matdes.2015.05.019,[66],
AlNbTiV,-,20,Yield Strength(Compression),1020,MPa,10.1016.j.matlet.2014.11.162,[67],
AlNbTiV,-,20,Ultimate Tensile Strength(Compression),1318,MPa,10.1016.j.matlet.2014.11.162,[67],
AlNbTiV,-,600,Yield Strength(Compression),810,MPa,10.1016.j.matlet.2014.11.162,[67],
AlNbTiV,-,600,Ultimate Tensile Strength(Compression),1050,MPa,10.1016.j.matlet.2014.11.162,[67],
AlNbTiV,-,800,Yield Strength(Compression),685,MPa,10.1016.j.matlet.2014.11.162,[67],
AlNbTiV,-,1000,Yield Strength(Compression),158,MPa,10.1016.j.matlet.2014.11.162,[67],
Al0, - , - , Yield Strength(Tension),1309.9, MPa,10.1016.j.jallcom.2014.09.073,[69],
Al0, - , - , Ultimate Tensile Strength(Tension),2621.4, MPa,10.1016.j.jallcom.2014.09.073,[69],
Al0, - , - , Ductility,20.4, %,10.1016.j.jallcom.2014.09.073,[69],
Al0.25, - , - , Yield Strength(Tension),1390.8, MPa,10.1016.j.jallcom.2014.09.073,[69],
Al0.25, - , - , Ultimate Tensile Strength(Tension),3412.3, MPa,10.1016.j.jallcom.2014.09.073,[69],
Al0.25, - , - , Ductility,33.4, %,10.1016.j.jallcom.2014.09.073,[69],
Al0.5, - , - , Yield Strength(Tension),1879.8, MPa,10.1016.j.jallcom.2014.09.073,[69],
Al0.5, - , - , Ultimate Tensile Strength(Tension),3474.7, MPa,10.1016.j.jallcom.2014.09.073,[69],
Al0.5, - , - , Ductility,40, %,10.1016.j.jallcom.2014.09.073,[69],
Al0.75, - , - , Yield Strength(Tension),1726.1, MPa,10.1016.j.jallcom.2014.09.073,[69],
Al0.75, - , - , Ultimate Tensile Strength(Tension),2811.1, MPa,10.1016.j.jallcom.2014.09.073,[69],
Al0.75, - , - , Ductility,20, %,10.1016.j.jallcom.2014.09.073,[69],
Al1.0, - , - , Yield Strength(Tension),1444.7, MPa,10.1016.j.jallcom.2014.09.073,[69],
Al1.0, - , - , Ultimate Tensile Strength(Tension),1829.1, MPa,10.1016.j.jallcom.2014.09.073,[69],
Al1.0, - , - , Ductility,7.2, %,10.1016.j.jallcom.2014.09.073,[69],
Al0.5CrFeNiTi0.25,-,-,Yield Strength(Tension),1880,MPa,10.1016.j.jallcom.2014.09.073,[69],
Al0.5CrFeNiTi0.25,-,-,Ultimate Tensile Strength(Tension),3475,MPa,10.1016.j.jallcom.2014.09.073,[69],
Al0.5CrFeNiTi0.25,-,-,Ductility,40,%EL,10.1016.j.jallcom.2014.09.073,[69],
AlCoCrFeNi,-,-,Yield Strength(Tension),1423,MPa,10.1016.j.jallcom.2014.09.073,[69],
AlCoCrFeNi,-,-,Ultimate Tensile Strength(Tension),2852,MPa,10.1016.j.jallcom.2014.09.073,[69],
AlCoCrFeNi,-,-,Ductility,22.7,%EL,10.1016.j.jallcom.2014.09.073,[69],
AlCoCrFeNiTi0.5,-,-,Yield Strength(Tension),2260,MPa,10.1016.j.jallcom.2014.09.073,[69],
AlCoCrFeNiTi0.5,-,-,Ultimate Tensile Strength(Tension),3140,MPa,10.1016.j.jallcom.2014.09.073,[69],
AlCoCrFeNiTi0.5,-,-,Ductility,23.3,%EL,10.1016.j.jallcom.2014.09.073,[69],
AlCoCrFeNiTi0,-,-,Yield Strength(Tension),1500,MPa,10.1016.j.jallcom.2014.09.073,[69],
AlCoCrFeNiTi0,-,-,Ultimate Tensile Strength(Tension),2830,MPa,10.1016.j.jallcom.2014.09.073,[69],
AlCoCrFeNiTi0,-,-,Ductility,26.9,%EL,10.1016.j.jallcom.2014.09.073,[69],
CuCoFeNiCrTi0.5,-,-,Yield Strength(Tension),700,MPa,10.1016.j.jallcom.2014.09.073,[69],
CuCoFeNiCrTi0.5,-,-,Ultimate Tensile Strength(Tension),1650,MPa,10.1016.j.jallcom.2014.09.073,[69],
CuCoFeNiCrTi0.5,-,-,Ductility,21.6,%EL,10.1016.j.jallcom.2014.09.073,[69],
Cu48Zr48Al4,-,-,Yield Strength(Tension),1200,MPa,10.1016.j.jallcom.2014.09.073,[69],
Cu48Zr48Al4,-,-,Ultimate Tensile Strength(Tension),1880,MPa,10.1016.j.jallcom.2014.09.073,[69],
Cu48Zr48Al4,-,-,Ductility,5.3,%EL,10.1016.j.jallcom.2014.09.073,[69],
CuCoFeNiCrAlV,-,-,Yield Strength(Tension),1469,MPa,10.1016.j.jallcom.2014.09.073,[69],
CuCoFeNiCrAlV,-,-,Ultimate Tensile Strength(Tension),1970,MPa,10.1016.j.jallcom.2014.09.073,[69],
CuCoFeNiCrAlV,-,-,Ductility,16,%EL,10.1016.j.jallcom.2014.09.073,[69],
CuCoFeNiCrAl,-,-,Yield Strength(Tension),1303,MPa,10.1016.j.jallcom.2014.09.073,[69],
CuCoFeNiCrAl,-,-,Ultimate Tensile Strength(Tension),2081,MPa,10.1016.j.jallcom.2014.09.073,[69],
CuCoFeNiCrAl,-,-,Ductility,24,%EL,10.1016.j.jallcom.2014.09.073,[69],
NbMoTaW,-,-,Yield Strength(Tension),1058,MPa,10.1016.j.jallcom.2014.09.073,[69],
NbMoTaW,-,-,Ultimate Tensile Strength(Tension),1211,MPa,10.1016.j.jallcom.2014.09.073,[69],
NbMoTaW,-,-,Ductility,1.5,%EL,10.1016.j.jallcom.2014.09.073,[69],
FeCoNi(AlSi)0.3,-,-,Yield Strength(Tension),938,MPa,10.1016.j.jallcom.2014.09.073,[69],
FeCoNi(AlSi)0.3,-,-,Ultimate Tensile Strength(Tension),2857,MPa,10.1016.j.jallcom.2014.09.073,[69],
FeCoNi(AlSi)0.3,-,-,Ductility,33,%EL,10.1016.j.jallcom.2014.09.073,[69],
FeCoNi(AlSi)0.2,-,-,Yield Strength(Tension),342,MPa,10.1016.j.jallcom.2014.09.073,[69],
FeCoNi(AlSi)0.2,-,-,Ultimate Tensile Strength(Tension),2500,MPa,10.1016.j.jallcom.2014.09.073,[69],
FeCoNi(AlSi)0.2,-,-,Ductility,47,%EL,10.1016.j.jallcom.2014.09.073,[69],
AlCoCrFeNiTi0.3,-,-,Yield Strength(Tension),1980,MPa,10.1016.j.jallcom.2014.09.073,[69],
AlCoCrFeNiTi0.3,-,-,Ultimate Tensile Strength(Tension),3600,MPa,10.1016.j.jallcom.2014.09.073,[69],
AlCoCrFeNiTi0.3,-,-,Ductility,12,%EL,10.1016.j.jallcom.2014.09.073,[69],
FeNiCoCrMn,-,-,Others(Peierls stress),423,MPa,10.1016.j.actamat.2014.08.026,[71],
FeNiCoCrMn,-,-,Others(melting temperature),1553,K,10.1016.j.actamat.2014.08.026,[71],
FeNiCoCrMn,-,-,Others(product of a and Tm),1.37,-,10.1016.j.actamat.2014.08.026,[71],
FeNiCoCr,-,-,Others(Peierls stress),443,MPa,10.1016.j.actamat.2014.08.026,[71],
FeNiCoCr,-,-,Others(melting temperature),1695,K,10.1016.j.actamat.2014.08.026,[71],
FeNiCoCr,-,-,Others(product of a and Tm),1.46,-,10.1016.j.actamat.2014.08.026,[71],
FeNiCoMn,-,-,Others(Peierls stress),282,MPa,10.1016.j.actamat.2014.08.026,[71],
FeNiCoMn,-,-,Others(melting temperature),1533,K,10.1016.j.actamat.2014.08.026,[71],
FeNiCoMn,-,-,Others(product of a and Tm),1.11,-,10.1016.j.actamat.2014.08.026,[71],
NiCoCrMn,-,-,Others(Peierls stress),491,MPa,10.1016.j.actamat.2014.08.026,[71],
NiCoCrMn,-,-,Others(melting temperature),1489,K,10.1016.j.actamat.2014.08.026,[71],
NiCoCrMn,-,-,Others(product of a and Tm),1.14,-,10.1016.j.actamat.2014.08.026,[71],
FeNiCo,-,-,Others(Peierls stress),292,MPa,10.1016.j.actamat.2014.08.026,[71],
FeNiCo,-,-,Others(melting temperature),1724,K,10.1016.j.actamat.2014.08.026,[71],
FeNiCo,-,-,Others(product of a and Tm),1.08,-,10.1016.j.actamat.2014.08.026,[71],
NiCoCr,-,-,Others(Peierls stress),489,MPa,10.1016.j.actamat.2014.08.026,[71],
NiCoCr,-,-,Others(melting temperature),1690,K,10.1016.j.actamat.2014.08.026,[71],
NiCoCr,-,-,Others(product of a and Tm),1.18,-,10.1016.j.actamat.2014.08.026,[71],
FeNiMn,-,-,Others(Peierls stress),283,MPa,10.1016.j.actamat.2014.08.026,[71],
FeNiMn,-,-,Others(melting temperature),1473,K,10.1016.j.actamat.2014.08.026,[71],
FeNiMn,-,-,Others(product of a and Tm),1.2,-,10.1016.j.actamat.2014.08.026,[71],
NiCoMn,-,-,Others(Peierls stress),302,MPa,10.1016.j.actamat.2014.08.026,[71],
NiCoMn,-,-,Others(melting temperature),1462,K,10.1016.j.actamat.2014.08.026,[71],
NiCoMn,-,-,Others(product of a and Tm),1.22,-,10.1016.j.actamat.2014.08.026,[71],
FeNi,-,-,Others(Peierls stress),341,MPa,10.1016.j.actamat.2014.08.026,[71],
FeNi,-,-,Others(melting temperature),1703,K,10.1016.j.actamat.2014.08.026,[71],
FeNi,-,-,Others(product of a and Tm),0.93,-,10.1016.j.actamat.2014.08.026,[71],
NiCo,-,-,Others(Peierls stress),130,MPa,10.1016.j.actamat.2014.08.026,[71],
NiCo,-,-,Others(melting temperature),1735,K,10.1016.j.actamat.2014.08.026,[71],
NiCo,-,-,Others(product of a and Tm),0.82,-,10.1016.j.actamat.2014.08.026,[71],
Ni,-,-,Others(Peierls stress),46,MPa,10.1016.j.actamat.2014.08.026,[71],
Ni,-,-,Others(melting temperature),1728,K,10.1016.j.actamat.2014.08.026,[71],
Ni,-,-,Others(product of a and Tm),0.89,-,10.1016.j.actamat.2014.08.026,[71],
FeNiCoCrMn,-,-,Melting point,1553,K,10.1016.j.actamat.2014.08.026,[71],
FeNiCoCr,-,-,Melting point,1695,K,10.1016.j.actamat.2014.08.026,[71],
FeNiCoMn,-,-,Melting point,1533,K,10.1016.j.actamat.2014.08.026,[71],
NiCoCrMn,-,-,Melting point,1489,K,10.1016.j.actamat.2014.08.026,[71],
FeNiCo,-,-,Melting point,1724,K,10.1016.j.actamat.2014.08.026,[71],
NiCoCr,-,-,Melting point,1690,K,10.1016.j.actamat.2014.08.026,[71],
FeNiMn,-,-,Melting point,1473,K,10.1016.j.actamat.2014.08.026,[71],
NiCoMn,-,-,Melting point,1462,K,10.1016.j.actamat.2014.08.026,[71],
FeNi,-,-,Melting point,1703,K,10.1016.j.actamat.2014.08.026,[71],
NiCo,-,-,Melting point,1735,K,10.1016.j.actamat.2014.08.026,[71],
Ni,-,-,Melting point,1728,K,10.1016.j.actamat.2014.08.026,[71],
FeNiCoCrMn,-,-,Shear modulus,80,GPa,10.1016.j.actamat.2014.08.026,[71],
FeNiCoCr,-,-,Shear modulus,84,GPa,10.1016.j.actamat.2014.08.026,[71],
FeNiCoMn,-,-,Shear modulus,77,GPa,10.1016.j.actamat.2014.08.026,[71],
NiCoCrMn,-,-,Shear modulus,78,GPa,10.1016.j.actamat.2014.08.026,[71],
FeNiCo,-,-,Shear modulus,60,GPa,10.1016.j.actamat.2014.08.026,[71],
NiCoCr,-,-,Shear modulus,87,GPa,10.1016.j.actamat.2014.08.026,[71],
FeNiMn,-,-,Shear modulus,73,GPa,10.1016.j.actamat.2014.08.026,[71],
NiCoMn,-,-,Shear modulus,77,GPa,10.1016.j.actamat.2014.08.026,[71],
FeNi,-,-,Shear modulus,62,GPa,10.1016.j.actamat.2014.08.026,[71],
NiCo,-,-,Shear modulus,84,GPa,10.1016.j.actamat.2014.08.026,[71],
Ni,-,-,Shear modulus,76,GPa,10.1016.j.actamat.2014.08.026,[71],
FeNiCoCrMn,-,-,Poisson's ratio,0.26,-,10.1016.j.actamat.2014.08.026,[71],
FeNiCoCr,-,-,Poisson's ratio,0.28,-,10.1016.j.actamat.2014.08.026,[71],
FeNiCoMn,-,-,Poisson's ratio,0.22,-,10.1016.j.actamat.2014.08.026,[71],
NiCoCrMn,-,-,Poisson's ratio,0.25,-,10.1016.j.actamat.2014.08.026,[71],
FeNiCo,-,-,Poisson's ratio,0.35,-,10.1016.j.actamat.2014.08.026,[71],
NiCoCr,-,-,Poisson's ratio,0.3,-,10.1016.j.actamat.2014.08.026,[71],
FeNiMn,-,-,Poisson's ratio,0.24,-,10.1016.j.actamat.2014.08.026,[71],
NiCoMn,-,-,Poisson's ratio,0.23,-,10.1016.j.actamat.2014.08.026,[71],
FeNi,-,-,Poisson's ratio,0.34,-,10.1016.j.actamat.2014.08.026,[71],
NiCo,-,-,Poisson's ratio,0.29,-,10.1016.j.actamat.2014.08.026,[71],
Ni,-,-,Poisson's ratio,0.31,-,10.1016.j.actamat.2014.08.026,[71],
FeNiCoCr,-,293,Shear Modulus,84,GPa,10.1016.j.actamat.2014.08.026,[71],
FeNi,-,77,Shear Modulus,68,GPa,10.1016.j.actamat.2014.08.026,[71],
FeNi,-,203,Shear Modulus,66,GPa,10.1016.j.actamat.2014.08.026,[71],
FeNi,-,293,Shear Modulus,62,GPa,10.1016.j.actamat.2014.08.026,[71],
FeNi,-,473,Shear Modulus,62,GPa,10.1016.j.actamat.2014.08.026,[71],
FeNi,-,673,Shear Modulus,60,GPa,10.1016.j.actamat.2014.08.026,[71],
Ni,-,77,Shear Modulus,84,GPa,10.1016.j.actamat.2014.08.026,[71],
Ni,-,203,Shear Modulus,80,GPa,10.1016.j.actamat.2014.08.026,[71],
Ni,-,293,Shear Modulus,76,GPa,10.1016.j.actamat.2014.08.026,[71],
Ni,-,473,Shear Modulus,73,GPa,10.1016.j.actamat.2014.08.026,[71],
Ni,-,673,Shear Modulus,70,GPa,10.1016.j.actamat.2014.08.026,[71],
CoCrFeNi,As-solidified,-,Microhardness,160+-4,HV,10.1016.j.jallcom.2013.12.210,[72],
CoCrFeNi,Annealed,-,Microhardness,134+-4,HV,10.1016.j.jallcom.2013.12.210,[72],
CoCrFeNiMn,As-solidified,-,Microhardness,170+-4,HV,10.1016.j.jallcom.2013.12.210,[72],
CoCrFeNiMn,Annealed,-,Microhardness,135+-2,HV,10.1016.j.jallcom.2013.12.210,[72],
CoCrFeNiV,As-solidified,-,Microhardness,524+-15,HV,10.1016.j.jallcom.2013.12.210,[72],
CoCrFeNiV,Annealed,-,Microhardness,587+-17,HV,10.1016.j.jallcom.2013.12.210,[72],
CoCrFeNiMnV,As-solidified,-,Microhardness,650+-27,HV,10.1016.j.jallcom.2013.12.210,[72],
CoCrFeNiMnV,Annealed,-,Microhardness,636+-23,HV,10.1016.j.jallcom.2013.12.210,[72],
CoCrFeNi,As-solidified,-,Yield Strength(Tension),140,MPa,10.1016.j.jallcom.2013.12.210,[72],
CoCrFeNi,As-solidified,-,Ultimate Tensile Strength(Tension),488,MPa,10.1016.j.jallcom.2013.12.210,[72],
CoCrFeNi,As-solidified,-,Ductility,83,%EL,10.1016.j.jallcom.2013.12.210,[72],
CoCrFeNi,Annealed,-,Yield Strength(Tension),130,MPa,10.1016.j.jallcom.2013.12.210,[72],
CoCrFeNi,Annealed,-,Ultimate Tensile Strength(Tension),458,MPa,10.1016.j.jallcom.2013.12.210,[72],
CoCrFeNi,Annealed,-,Ductility,87,%EL,10.1016.j.jallcom.2013.12.210,[72],
CoCrFeNiMn,As-solidified,-,Yield Strength(Tension),215,MPa,10.1016.j.jallcom.2013.12.210,[72],
CoCrFeNiMn,As-solidified,-,Ultimate Tensile Strength(Tension),491,MPa,10.1016.j.jallcom.2013.12.210,[72],
CoCrFeNiMn,As-solidified,-,Ductility,71,%EL,10.1016.j.jallcom.2013.12.210,[72],
CoCrFeNiMn,Annealed,-,Yield Strength(Tension),162,MPa,10.1016.j.jallcom.2013.12.210,[72],
CoCrFeNiMn,Annealed,-,Ultimate Tensile Strength(Tension),443,MPa,10.1016.j.jallcom.2013.12.210,[72],
CoCrFeNiMn,Annealed,-,Ductility,68,%EL,10.1016.j.jallcom.2013.12.210,[72],
CoCrFeNiV,As-solidified,-,Ultimate Tensile Strength(Tension),311,MPa,10.1016.j.jallcom.2013.12.210,[72],
CoCrFeNiV,Annealed,-,Ultimate Tensile Strength(Tension),330,MPa,10.1016.j.jallcom.2013.12.210,[72],
CoCrFeNiMnV,As-solidified,-,Ultimate Tensile Strength(Tension),90,MPa,10.1016.j.jallcom.2013.12.210,[72],
CoCrFeNiMnV,Annealed,-,Ultimate Tensile Strength(Tension),62,MPa,10.1016.j.jallcom.2013.12.210,[72],
Co,-,-,Shear Modulus,75,GPa,10.1016.j.jallcom.2013.12.210,[72],
Cr,-,-,Shear Modulus,115,GPa,10.1016.j.jallcom.2013.12.210,[72],
Fe,-,-,Shear Modulus,82,GPa,10.1016.j.jallcom.2013.12.210,[72],
Ni,-,-,Shear Modulus,76,GPa,10.1016.j.jallcom.2013.12.210,[72],
Mn,-,-,Shear Modulus,81,GPa,10.1016.j.jallcom.2013.12.210,[72],
V,-,-,Shear Modulus,47,GPa,10.1016.j.jallcom.2013.12.210,[72],
Co,-,-,Melting point,1768,K,10.1016.j.jallcom.2013.12.210,[72],
Cr,-,-,Melting point,2180,K,10.1016.j.jallcom.2013.12.210,[72],
Fe,-,-,Melting point,1811,K,10.1016.j.jallcom.2013.12.210,[72],
Ni,-,-,Melting point,1728,K,10.1016.j.jallcom.2013.12.210,[72],
Mn,-,-,Melting point,1519,K,10.1016.j.jallcom.2013.12.210,[72],
V,-,-,Melting point,2183,K,10.1016.j.jallcom.2013.12.210,[72],
FeCoCrNi,-,77,Yield Strength(Tension),480,MPa,10.1016.j.actamat.2018.05.013,[80],
FeCoCrNi,-,77,Ultimate Tensile Strength(Tension),1725,MPa,10.1016.j.actamat.2018.05.013,[80],
FeCoCrNi,-,77,Ductility,55,%,10.1016.j.actamat.2018.05.013,[80],
FeCoCrNi,-,293,Yield Strength(Tension),260,MPa,10.1016.j.actamat.2018.05.013,[80],
FeCoCrNi,-,293,Ultimate Tensile Strength(Tension),980,MPa,10.1016.j.actamat.2018.05.013,[80],
FeCoCrNi,-,293,Ductility,45,%,10.1016.j.actamat.2018.05.013,[80],
FeCoCrNiMo0.23,-,77,Yield Strength(Tension),602,MPa,10.1016.j.actamat.2018.05.013,[80],
FeCoCrNiMo0.23,-,77,Ultimate Tensile Strength(Tension),1863,MPa,10.1016.j.actamat.2018.05.013,[80],
FeCoCrNiMo0.23,-,77,Ductility,51,%,10.1016.j.actamat.2018.05.013,[80],
FeCoCrNiMo0.23,-,293,Yield Strength(Tension),360,MPa,10.1016.j.actamat.2018.05.013,[80],
FeCoCrNiMo0.23,-,293,Ultimate Tensile Strength(Tension),1238,MPa,10.1016.j.actamat.2018.05.013,[80],
FeCoCrNiMo0.23,-,293,Ductility,48,%,10.1016.j.actamat.2018.05.013,[80],
CrCoNi [23],-,77,Yield Strength(Tension),560,MPa,10.1016.j.actamat.2018.05.013,[80],
CrCoNi [23],-,77,Ultimate Tensile Strength(Tension),1625,MPa,10.1016.j.actamat.2018.05.013,[80],
CrCoNi [23],-,77,Ductility,44,%,10.1016.j.actamat.2018.05.013,[80],
CrCoNi [23],-,293,Yield Strength(Tension),360,MPa,10.1016.j.actamat.2018.05.013,[80],
CrCoNi [23],-,293,Ultimate Tensile Strength(Tension),750,MPa,10.1016.j.actamat.2018.05.013,[80],
CrCoNi [23],-,293,Ductility,30,%,10.1016.j.actamat.2018.05.013,[80],
CrMnFeCoNi [6],-,77,Yield Strength(Tension),460,MPa,10.1016.j.actamat.2018.05.013,[80],
CrMnFeCoNi [6],-,77,Ultimate Tensile Strength(Tension),1060,MPa,10.1016.j.actamat.2018.05.013,[80],
CrMnFeCoNi [6],-,77,Ductility,60,%,10.1016.j.actamat.2018.05.013,[80],
CrMnFeCoNi [6],-,293,Yield Strength(Tension),265,MPa,10.1016.j.actamat.2018.05.013,[80],
CrMnFeCoNi [6],-,293,Ultimate Tensile Strength(Tension),600,MPa,10.1016.j.actamat.2018.05.013,[80],
CrMnFeCoNi [6],-,293,Ductility,45,%,10.1016.j.actamat.2018.05.013,[80],
FeCoCrNi HEA,-,77,Young's modulus,146.3,GPa,10.1016.j.actamat.2018.05.013,[80],
FeCoCrNi HEA,-,77,Young's modulus,97,GPa,10.1016.j.actamat.2018.05.013,[80],
FeCoCrNi HEA,-,77,Young's modulus,191.6,GPa,10.1016.j.actamat.2018.05.013,[80],
FeCoCrNi HEA,-,77,Young's modulus,214,GPa,10.1016.j.actamat.2018.05.013,[80],
FeCoCrNi HEA,-,77,Young's modulus,229,GPa,10.1016.j.actamat.2018.05.013,[80],
FeCoCrNi HEA,-,293,Young's modulus,136.6,GPa,10.1016.j.actamat.2018.05.013,[80],
FeCoCrNi HEA,-,293,Young's modulus,98,GPa,10.1016.j.actamat.2018.05.013,[80],
FeCoCrNi HEA,-,293,Young's modulus,175,GPa,10.1016.j.actamat.2018.05.013,[80],
FeCoCrNi HEA,-,293,Young's modulus,237.2,GPa,10.1016.j.actamat.2018.05.013,[80],
FeCoCrNi HEA,-,293,Young's modulus,190,GPa,10.1016.j.actamat.2018.05.013,[80],
Al2(NiCoFeCr)14 (M1111),-, -,Yield Strength(Tension),614,MPa,10.1016.j.actamat.2018.01.050,[86],
Al2(NiCoFeCr)14 (M1111),-, -,Ultimate Tensile Strength(Tension),930,MPa,10.1016.j.actamat.2018.01.050,[86],
Al2(NiCoFeCr)14 (M1111),-, -,Ductility,15.6,%EL,10.1016.j.actamat.2018.01.050,[86],
Al2(Ni4Co4Fe3Cr3)14 (M4433),-, -,Yield Strength(Tension),387,MPa,10.1016.j.actamat.2018.01.050,[86],
Al2(Ni4Co4Fe3Cr3)14 (M4433),-, -,Ultimate Tensile Strength(Tension),>728,MPa,10.1016.j.actamat.2018.01.050,[86],
Al2(Ni4Co4Fe3Cr3)14 (M4433),-, -,Ductility,>33.0,%EL,10.1016.j.actamat.2018.01.050,[86],
Al2(NiCoFe2Cr)14 (M1121),-, -,Yield Strength(Tension),1085,MPa,10.1016.j.actamat.2018.01.050,[86],
Al2(NiCoFe2Cr)14 (M1121),-, -,Ultimate Tensile Strength(Tension),1245,MPa,10.1016.j.actamat.2018.01.050,[86],
Al2(NiCoFe2Cr)14 (M1121),-, -,Ductility,8.2,%EL,10.1016.j.actamat.2018.01.050,[86],
Al2(NiCoFeCr2)14 (M1112),-, -,Yield Strength(Tension),1718,MPa,10.1016.j.actamat.2018.01.050,[86],
Al3(NiCoFeCr)14 (Al3M14),-, -,Yield Strength(Tension),1399,MPa,10.1016.j.actamat.2018.01.050,[86],
M1121 (Al12.5Ni17.5Co17.5Fe35Cr17.5 at. %),-, -,Others(Taylor factor),2.73,- ,10.1016.j.actamat.2018.01.050,[86],
M1121 (Al12.5Ni17.5Co17.5Fe35Cr17.5 at. %),-, -,Others(shear modulus),83,GPa,10.1016.j.actamat.2018.01.050,[86],
M1121 (Al12.5Ni17.5Co17.5Fe35Cr17.5 at. %),-, -,Others(Burger's vector),0.2478,nm,10.1016.j.actamat.2018.01.050,[86],
M1121 (Al12.5Ni17.5Co17.5Fe35Cr17.5 at. %),-, -,Others(Poisson ratio),0.3,- ,10.1016.j.actamat.2018.01.050,[86],
M1121 (Al12.5Ni17.5Co17.5Fe35Cr17.5 at. %),-, -,Others(lattice misfit),-0.38,- ,10.1016.j.actamat.2018.01.050,[86],
M1121 (Al12.5Ni17.5Co17.5Fe35Cr17.5 at. %),-, -,Others(volume fraction),0.4,- ,10.1016.j.actamat.2018.01.050,[86],
M1121 (Al12.5Ni17.5Co17.5Fe35Cr17.5 at. %),-, -,Others(average size of precipitates),70,nm ,10.1016.j.actamat.2018.01.050,[86],
M1121 (Al12.5Ni17.5Co17.5Fe35Cr17.5 at. %),-, -,Others(optimal size of precipitates),60,nm ,10.1016.j.actamat.2018.01.050,[86],
,,,,,,10.1016.j.actamat.2018.01.050,[86],
M1112 (Al12.5Ni17.5Co17.5Fe35Cr17.5 at. %),-, -,Others(Taylor factor),2.73,- ,10.1016.j.actamat.2018.01.050,[86],
M1112 (Al12.5Ni17.5Co17.5Fe35Cr17.5 at. %),-, -,Others(shear modulus),83,GPa,10.1016.j.actamat.2018.01.050,[86],
M1112 (Al12.5Ni17.5Co17.5Fe35Cr17.5 at. %),-, -,Others(Burger's vector),0.2473,nm,10.1016.j.actamat.2018.01.050,[86],
M1112 (Al12.5Ni17.5Co17.5Fe35Cr17.5 at. %),-, -,Others(Poisson ratio),0.3,- ,10.1016.j.actamat.2018.01.050,[86],
M1112 (Al12.5Ni17.5Co17.5Fe35Cr17.5 at. %),-, -,Others(lattice misfit),0.45,- ,10.1016.j.actamat.2018.01.050,[86],
M1112 (Al12.5Ni17.5Co17.5Fe35Cr17.5 at. %),-, -,Others(volume fraction),0.55,- ,10.1016.j.actamat.2018.01.050,[86],
M1112 (Al12.5Ni17.5Co17.5Fe35Cr17.5 at. %),-, -,Others(average size of precipitates),100,nm ,10.1016.j.actamat.2018.01.050,[86],
M1112 (Al12.5Ni17.5Co17.5Fe35Cr17.5 at. %),-, -,Others(optimal size of precipitates),88,nm ,10.1016.j.actamat.2018.01.050,[86],
,,,,,,10.1016.j.actamat.2018.01.050,[86],
(FeCoNiCr)94Ti2Al4 (at. %),-, -,Others(Taylor factor),3.06,- ,10.1016.j.actamat.2018.01.050,[86],
(FeCoNiCr)94Ti2Al4 (at. %),-, -,Others(shear modulus),81,GPa,10.1016.j.actamat.2018.01.050,[86],
(FeCoNiCr)94Ti2Al4 (at. %),-, -,Others(Burger's vector),0.255,nm,10.1016.j.actamat.2018.01.050,[86],
(FeCoNiCr)94Ti2Al4 (at. %),-, -,Others(Poisson ratio),0.33,- ,10.1016.j.actamat.2018.01.050,[86],
(FeCoNiCr)94Ti2Al4 (at. %),-, -,Others(lattice misfit),0.26,- ,10.1016.j.actamat.2018.01.050,[86],
(FeCoNiCr)94Ti2Al4 (at. %),-, -,Others(volume fraction),0.233,- ,10.1016.j.actamat.2018.01.050,[86],
(FeCoNiCr)94Ti2Al4 (at. %),-, -,Others(average size of precipitates),25,nm ,10.1016.j.actamat.2018.01.050,[86],
(FeCoNiCr)94Ti2Al4 (at. %),-, -,Others(optimal size of precipitates),66,nm,10.1016.j.actamat.2018.01.050,[86],
Zr-Hf-rich,As-cast,800 degC,Hardness,280.5 ± 11.9,HV,10.1016.j.actamat.2017.09.035,[90],
Zr-Hf-rich,HPT processed,800 degC,Hardness,367.2 ± 2.4,HV,10.1016.j.actamat.2017.09.035,[90],
Nb-Ta-rich,As-cast,800 degC,Hardness,267.7 ± 13.6,HV,10.1016.j.actamat.2017.09.035,[90],
Nb-Ta-rich,HPT processed,800 degC,Hardness,478.6 ± 3.4,HV,10.1016.j.actamat.2017.09.035,[90],
